﻿<?xml version="1.0" encoding="UTF-8" standalone="yes"?>
	<addon id="plugin.video.idanplus" name="עידן+ פלוס" version="3.2.6" provider-name="Fishenzon">
		<requires>
			<import addon="script.module.requests"/>
			<import addon="script.module.xmltodict"/>
		</requires>
		<extension point="xbmc.python.pluginsource" library="default.py">
			<provides>video</provides>
		</extension>
		<extension point="xbmc.service" library="resources/lib/service.py" start="[login|startup]"/>
		<extension library="resources/" point="xbmc.python.module" />
		<extension library="resources/lib/" point="xbmc.python.module" />
		<extension point="xbmc.addon.metadata">
			<reuselanguageinvoker>true</reuselanguageinvoker>
			<assets>
				<icon>icon.png</icon>
				<fanart>fanart.jpg</fanart>
			</assets>
			<platform>all</platform>
			<summary lang="en">צפיה בערוצי עידן פלוס ובתכניות מהאתרים הרשמיים.</summary>
			<description lang="en">צפיה בערוצי עידן פלוס ובתכניות מהאתרים הרשמיים.[CR]אפשרויות שונות בהגדרות ההרחבה ובקליק ימני על פריט ברשימה.</description>
			<news>- Fix for ch. 14 VOD.</news>
			<supportedcontent>
				<content>tvshows</content>
			</supportedcontent>
		</extension>
	</addon>
