﻿<?xml version="1.0" encoding="UTF-8" standalone="yes"?>
	<addon id="plugin.video.idanplus" name="עידן+ פלוס" version="2.6.2" provider-name="nil">
		<requires>
			<import addon="script.module.requests"/>
			<import addon="script.module.xmltodict"/>
		</requires>
		<extension point="xbmc.python.pluginsource" library="default.py">
			<provides>video</provides>
		</extension>
		<extension point="xbmc.service" library="resources/lib/service.py" start="[login|startup]"/>
		<extension point="xbmc.addon.metadata">
			<platform>all</platform>
			<summary lang="en">צפיה בערוצי עידן פלוס ובתכניות מהאתרים הרשמיים.</summary>
			<description lang="en">צפיה בערוצי עידן פלוס ובתכניות מהאתרים הרשמיים.[CR]אפשרויות שונות בהגדרות ההרחבה ובקליק ימני על פריט ברשימה.</description>
			<news>- Fix playing 20-Channel Live and VOD links. (Changes in website).</news>
			<supportedcontent>
				<content>tvshows</content>
			</supportedcontent>
		</extension>
	</addon>
