<?xml version="1.0" encoding="UTF-8" standalone="yes"?>
<addon id="plugin.video.reshet" name="רשת (web)" version="1.0.3" provider-name="nil">
	<requires>
		<import addon="xbmc.python" version="2.1.0"/>
	</requires>
	<extension point="xbmc.python.pluginsource" library="default.py">
		<provides>video</provides>
	</extension>
	<extension point="xbmc.addon.metadata">
		<summary lang="en">Watch Reshet video contents.</summary>
		<description lang="en">Watch contents from Reshet's website.</description>
		<summary lang="he">צפיה בתוכניות מאתר רשת</summary>
		<description lang="he">צפיה במגוון התוכניות והסדרות מאתר רשת</description>
		<platform>all</platform>
	</extension>
</addon>
