﻿<?xml version="1.0" encoding="UTF-8" standalone="yes"?>
	<addon id="plugin.video.idanplus" name="עידן+ פלוס" version="1.0.4" provider-name="nil">
		<requires>
			<import addon="xbmc.python" version="2.1.0"/>
		</requires>
		<extension point="xbmc.python.pluginsource" library="default.py">
			<provides>video</provides>
		</extension>
		<extension point="xbmc.addon.metadata">
			<platform>all</platform>
			<summary lang="en">Watch Idan plus channels and VOD from official websites.</summary>
			<summary lang="he">צפיה בערוצי עידן פלוס ובתכניות מהאתרים הרשמיים.</summary>
			<description lang="en">Watch Idan plus channels and VOD from official websites.</description>
			<description lang="he">צפיה בערוצי עידן פלוס ובתכניות מהאתרים הרשמיים.</description>
			<news>- Choose playing lower quality by right click on an item.
- Show detailed EPG from contex menu (right click on a channel).
- The view-mode for episodes and videos can be change from addon-settings.
- Text Colors of EPG can be change from addon-settings.</news>
			<supportedcontent>
				<content>tvshows</content>
			</supportedcontent>
		</extension>
	</addon>
