{
  "/content/kan/kan-11/12955/": "סיפורים מהכורסה",
  "/content/kan/kan-11/374649/": "תזמורת המהפכה",
  "/content/kan/kan-11/13898/": "שומרי הסף",
  "/content/kan/kan-11/12412/": "מכונת המיתוסים",
  "/content/kan/kan-11/13684/": "הדבר הגדול המיוחד",
  "/content/kan/kan-11/13060/": "החנות שיש בה הכל",
  "/content/kan/kan-11/12845/": "עלומים",
  "/content/kan/kan-11/11568/": "אבירם כץ",
  "/content/kan/kan-11/327417/": "מישהו לגור איתו",
  "/content/kan/kan-11/11454/": "בשם האב",
  "/content/kan/kan-11/11486/": "פגישה עם רוני קובן",
  "/content/kan/kan-11/13815/": "תיק נעדר",
  "/content/kan/kan-11/327420/": "3 שירים",
  "/content/kan/kan-11/13712/": "80 וארבע",
  "/content/kan/kan-11/13081/": "חזרות",
  "/content/kan/kan-11/13077/": "מותק בול באמצע",
  "/content/kan/kan-11/12967/": "הד קולך",
  "/content/kan/kan-11/13038/": "פמת\"א",
  "/content/kan/kan-11/11247/": "מלאך משחית",
  "/content/kan/kan-11/13283/": "שב/ס",
  "/content/kan/kan-11/13811/": "העברים",
  "/content/kan/kan-11/11766/": "המפקדת",
  "/content/kan/kan-11/12463/": "מהצד השני",
  "/content/kan/kan-11/13237/": "אחד על אחד",
  "/content/kan/kan-11/13291/": "שטוקהולם",
  "/content/kan/kan-11/12317/": "טהרן",
  "/content/kan/kan-11/12657/": "שעת אפס",
  "/content/kan/kan-11/13173/": "שעת נעילה",
  "/content/kan/kan-11/12816/": "טיפול זוגי",
  "/content/kan/kan-11/11944/": "מתחילים מאפס",
  "/content/kan/kan-11/13011/": "ערב עם שי שטרן",
  "/content/kan/kan-11/11606/": "קארפול קריוקי",
  "/content/kan/kan-11/11534/": "המרדף",
  "/content/kan/kan-11/327413/": "מדורות השבטים",
  "/content/kan/kan-11/12002/": "זהו זה!",
  "/content/kan/kan-11/12832/": "קופה ראשית",
  "/content/kan/kan-11/12043/": "זמן אמת",
  "/content/kan/kan-11/11372/": "הבלתי חשובים",
  "/content/kan/kan-11/עלייתם-של-הנאצים/": "עלייתם של הנאצים",
  "/content/kan/kan-11/אסקייפ/": "אסקייפ",
  "/content/kan/kan-11/המפעיל/": "המפעיל",
  "/content/kan/kan-11/דימונה-צמפיונס/": "דימונה צמפיונס",
  "/content/kan/kan-11/אגן-הים-התיכון/": "אגן הים התיכון",
  "/content/kan/kan-11/העשירייה-המצעד-הרשמי-של-ישראל/": "העשירייה המצעד הרשמי של ישראל",
  "/content/kan/kan-11/מוטי-קירשנבאום/": "מוטי קירשנבאום",
  "/content/kan/kan-11/סוכן-תרבות/": "סוכן תרבות",
  "/content/kan/kan-11/חיים-בצל-המוות/": "חיים בצל המוות",
  "/content/kan/kan-11/סבוי/": "סבוי",
  "/content/kan/kan-11/40-צעדים/": "40 צעדים",
  "/content/kan/kan-11/מצרים-שיר-אהבה/": "מצרים שיר אהבה",
  "/content/kan/kan-11/ילדי-השלום/": "ילדי השלום",
  "/content/kan/kan-11/שלומי-שבן-מארח/": "שלומי שבן מארח",
  "/content/kan/kan-11/הבחירה-של-ניצה/": "הבחירה של ניצה",
  "/content/kan/kan-11/אגנס-קלטי-לנצח-את-הזמן/": "אגנס קלטי לנצח את הזמן",
  "/content/kan/kan-11/אנה-והרופא-המצרי/": "אנה והרופא המצרי",
  "/content/kan/kan-11/מונא/": "מונא",
  "/content/kan/kan-11/דוז-פואה/": "דוז פואה",
  "/content/kan/kan-11/משפט-הבנקאים/": "משפט הבנקאים",
  "/content/kan/kan-11/יומני-בודפשט/": "יומני בודפשט",
  "/content/kan/kan-11/הפרטיזן-עם-מצלמת-הלייקה/": "הפרטיזן עם מצלמת הלייקה",
  "/content/kan/kan-11/בחזרה-לצרנוביל/": "בחזרה לצרנוביל",
  "/content/kan/kan-11/מקווה-שאני-בפריים-סרטה-של-נטעלי-בראון/": "מקווה שאני בפריים סרטה של נטעלי בראון",
  "/content/kan/kan-11/ברית-המועצות-הקריסה/": "ברית המועצות הקריסה",
  "/content/kan/kan-11/על-כסא-הבמאי-יושבת-אישה/": "על כסא הבמאי יושבת אישה",
  "/content/kan/kan-11/קטאר-נפט-אמביציה-ודם/": "קטאר נפט אמביציה ודם",
  "/content/kan/kan-11/המראה-של-השמש/": "המראה של השמש",
  "/content/kan/kan-11/דפיקה-בדלת/": "דפיקה בדלת",
  "/content/kan/kan-11/ברונקה-זעם/": "ברונקה זעם",
  "/content/kan/kan-11/עמוד-האש-בצבע/": "עמוד האש בצבע",
  "/content/kan/kan-11/רצח-בקולנוע-צפון/": "רצח בקולנוע צפון",
  "/content/kan/kan-11/כאן-דוקו/": "כאן דוקו",
  "/content/kan/kan-11/עוד-לא-אבדה/": "עוד לא אבדה",
  "/content/kan/kan-11/מנדט-לרצח/": "מנדט לרצח",
  "/content/kan/kan-11/נקודת-מפנה/": "נקודת מפנה",
  "/content/kan/kan-11/אקלים-לשינוי/": "אקלים לשינוי",
  "/content/kan/kan-11/א-פרייעלכן-פורים/": "א פרייעלכן פורים",
  "/content/kan/kan-11/אירופה-זה-לא-מספיק/": "אירופה זה לא מספיק",
  "/content/kan/kan-11/17-שניות/": "17 שניות",
  "/content/kan/kan-11/מתנחלת-unsettling/": "מתנחלת unsettling",
  "/content/kan/kan-11/פרדי-היקר/": "פרדי היקר",
  "/content/kan/kan-11/סיציליה-עם-ריי-וינסטון/": "סיציליה עם ריי וינסטון",
  "/content/kan/kan-11/הנאצי-הטוב-סיפורו-של-קרל-פלאגה/": "הנאצי הטוב סיפורו של קרל פלאגה",
  "/content/kan/kan-11/אחיות-a-sisters-song/": "אחיות a sisters song",
  "/content/kan/kan-11/נפיץ-עם-תם-אהרון/": "נפיץ עם תם אהרון",
  "/content/kan/kan-11/ארון-השירים-היהודי/": "ארון השירים היהודי",
  "/content/kan/kan-11/תנו-לעבוד/": "תנו לעבוד",
  "/content/kan/kan-11/לטעות-זה-אנושי/": "לטעות זה אנושי",
  "/content/kan/kan-11/אישה-של-בית-a-perfect-housewife/": "אישה של בית a perfect housewife",
  "/content/kan/kan-11/יער-שחור-סרטן-של-הדר-קליינמן-צדוק-ותמנע-גולדשטיין-חטב/": "יער שחור סרטן של הדר קליינמן צדוק ותמנע גולדשטיין חטב",
  "/content/kan/kan-11/כאן-דוקו-upload/": "כאן דוקו upload",
  "/content/kan/kan-11/איזנקוט/": "איזנקוט",
  "/content/kan/kan-11/רילוקיישן/": "רילוקיישן",
  "/content/kan/kan-11/טיול-אחרי-צבא/": "טיול אחרי צבא",
  "/content/kan/kan-11/אסתיר-פניי/": "אסתיר פניי",
  "/content/kan/kan-11/מחברות-שחורות/": "מחברות שחורות",
  "/content/kan/kan-11/אורות-וצללים/": "אורות וצללים",
  "/content/kan/kan-11/הלילה-עם-לוסי-וגורי/": "הלילה עם לוסי וגורי",
  "/content/kan/kan-11/התסריטאי/": "התסריטאי",
  "/content/kan/kan-11/משפחה-בהסעה/": "משפחה בהסעה",
  "/content/kan/kan-11/איסט-סייד/": "איסט סייד",
  "/content/kan/kan-11/יוצאים-מהכלל/": "יוצאים מהכלל",
  "/content/kan/kan-11/תיק-512/": "תיק 512",
  "/content/kan/kan-11/חידת-משולם/": "חידת משולם",
  "/content/kan/kan-11/פרויקט-משפחות-2021/": "פרויקט משפחות 2021",
  "/content/kan/kan-11/מרגלים-מבית/": "מרגלים מבית",
  "/content/kan/kan-11/מלחמה-בלי-שם/": "מלחמה בלי שם",
  "/content/kan/kan-11/פסטיבל-הפסנתר-של-תל-אביב-יפו/": "פסטיבל הפסנתר של תל אביב יפו",
  "/content/kan/kan-11/החטא-הקדמון/": "החטא הקדמון",
  "/content/kan/kan-11/סבתא-בישלה-עם-תום-יער/": "סבתא בישלה עם תום יער",
  "/content/kan/kan-11/אייכמן-ההקלטות-האבודות/": "אייכמן ההקלטות האבודות",
  "/content/kan/kan-11/הגוטליב-האחרון/": "הגוטליב האחרון",
  "/content/kan/kan-11/צל-כבד/": "צל כבד",
  "/content/kan/kan-11/רחוב-העצמאות-70/": "רחוב העצמאות 70",
  "/content/kan/kan-11/שברים/": "שברים",
  "/content/kan/kan-11/זכרונות-משפט-אייכמן/": "זכרונות משפט אייכמן",
  "/content/kan/kan-11/חיוך-נצחי/": "חיוך נצחי",
  "/content/kan/kan-11/השיחה-האחרונה-סיפור-הרצח-של-שלי-דדון-זל/": "השיחה האחרונה סיפור הרצח של שלי דדון זל",
  "/content/kan/kan-11/שחורות-מסע-אל-תוך-שכונות-הגטו-האתיופיות-עם-צעירי-הקהילה/": "שחורות מסע אל תוך שכונות הגטו האתיופיות עם צעירי הקהילה",
  "/content/kan/kan-11/הפחד-לאהוב/": "הפחד לאהוב",
  "/content/kan/kan-11/עושים-לביתנו/": "עושים לביתנו",
  "/content/kan/kan-11/חסידיסטוק/": "חסידיסטוק",
  "/content/kan/kan-11/רבנו/": "רבנו",
  "/content/kan/kan-11/שאלה-תשובה/": "שאלה תשובה",
  "/content/kan/kan-11/מילה-של-רופא/": "מילה של רופא",
  "/content/kan/kan-11/מלכויות-של-מטה/": "מלכויות של מטה",
  "/content/kan/kan-11/נייעס/": "נייעס",
  "/content/kan/kan-11/צליל-מכוון/": "צליל מכוון",
  "/content/kan/kan-11/אביתר-בנאי-האלבום-הראשון/": "אביתר בנאי האלבום הראשון",
  "/content/kan/kan-11/המנדט/": "המנדט",
  "/content/kan/kan-11/המוחרם-שפינוזה/": "המוחרם שפינוזה",
  "/content/kan/kan-11/הפרטיזן-האחרון/": "הפרטיזן האחרון",
  "/content/kan/kan-11/בוכרא-פי-א-למישמיש/": "בוכרא פי א למישמיש",
  "/content/kan/kan-11/האיש-שניסה-למנוע-מלחמה/": "האיש שניסה למנוע מלחמה",
  "/content/kan/kan-11/הסיבוב-השני/": "הסיבוב השני",
  "/content/kan/kan-11/חיים-שכדוגמתם-לא-ראינו-מעולם/": "חיים שכדוגמתם לא ראינו מעולם",
  "/content/kan/kan-11/הנשר-הגדול/": "הנשר הגדול",
  "/content/kan/kan-11/הרמטכלים/": "הרמטכלים",
  "/content/kan/kan-11/הצרפוקאים/": "הצרפוקאים",
  "/content/kan/kan-11/יחידה-מעורבת-אריות-הירדן/": "יחידה מעורבת אריות הירדן",
  "/content/kan/kan-11/והארץ-הייתה-תוהו-ובוהו/": "והארץ הייתה תוהו ובוהו",
  "/content/kan/kan-11/שלוש-היו-אהבותי-מחווה-לתלמה-אליגון/": "שלוש היו אהבותי מחווה לתלמה אליגון",
  "/content/kan/kan-11/קול-השכונה/": "קול השכונה",
  "/content/kan/kan-11/סודות-משפחה/": "סודות משפחה",
  "/content/kan/kan-11/שמיים-בצבע-אדום/": "שמיים בצבע אדום",
  "/content/kan/kan-11/קונצרט-עד-הבית/": "קונצרט עד הבית",
  "/content/kan/kan-11/זהו-זה-השירים/": "זהו זה השירים",
  "/content/kan/kan-11/פעם-בשבוע-עם-תם-אהרון/": "פעם בשבוע עם תם אהרון",
  "/content/kan/kan-11/עד-כאן/": "עד כאן",
  "/content/kan/kan-11/הפוליטיקה-של-השומן/": "הפוליטיקה של השומן",
  "/content/kan/kan-11/סולו-הדרך-לאירוויזיון-הקלאסי-לצעירים/": "סולו הדרך לאירוויזיון הקלאסי לצעירים",
  "/content/kan/kan-11/בחזרה-אל-הרגע/": "בחזרה אל הרגע",
  "/content/kan/kan-11/אירופה-לשלוש-דקות/": "אירופה לשלוש דקות",
  "/content/kan/kan-11/המכולה/": "המכולה",
  "/content/kan/kan-11/הערב-יהיו-כאן/": "הערב יהיו כאן",
  "/content/kan/kan-11/על-המשמר/": "על המשמר",
  "/content/kan/kan-11/סוכן-תרבות-המהדורה-היומית/": "סוכן תרבות המהדורה היומית",
  "/content/kan/kan-11/חכמים-בלילה/": "חכמים בלילה",
  "/content/kan/kan-11/טיול-שורשים/": "טיול שורשים",
  "/content/kan/kan-11/ניפגש-בלובי/": "ניפגש בלובי",
  "/content/kan/kan-11/וואי-וואי-וואי/": "וואי וואי וואי",
  "/content/kan/kan-11/מה-נסגר/": "מה נסגר",
  "/content/kan/kan-11/גאולה-ולונדון/": "גאולה ולונדון",
  "/content/kan/kan-11/המהפכה-הגאה/": "המהפכה הגאה",
  "/content/kan/kan-11/קצה-חוט/": "קצה חוט",
  "/content/kan/kan-11/אלי-כהן-לוחם-566/": "אלי כהן לוחם 566",
  "/content/kan/kan-11/ארוחת-ארבע/": "ארוחת ארבע",
  "/content/kan/kan-11/עמוד-האש/": "עמוד האש",
  "/content/kan/kan-11/דרום-קוריאה-למתקדמים/": "דרום קוריאה למתקדמים",
  "/content/kan/kan-11/קפיטליזם/": "קפיטליזם",
  "/content/kan/kan-11/מאה-מצולמת/": "מאה מצולמת",
  "/content/kan/kan-11/תפוחים-מן-המדבר/": "תפוחים מן המדבר",
  "/content/kan/kan-11/ערב-טוב-אירופה-לאירוויזיון-2019/": "ערב טוב אירופה לאירוויזיון 2019",
  "/content/kan/kan-11/תקומה/": "תקומה",
  "/content/kan/kan-11/בין-השמשות/": "בין השמשות",
  "/content/kan/kan-11/המוח-מדריך-למשתמש/": "המוח מדריך למשתמש",
  "/content/kan/kan-11/ימי-בגין/": "ימי בגין",
  "/content/kan/kan-11/משתפים-פעולה/": "משתפים פעולה",
  "/content/kan/kan-11/מעברות/": "מעברות",
  "/content/kan/kan-11/המתמודדים/": "המתמודדים",
  "/content/kan/kan-11/סליחה-על-השאלה-בערבית/": "סליחה על השאלה בערבית",
  "/content/kan/kan-11/אירוויזיון-העזנו-לחלום/": "אירוויזיון העזנו לחלום",
  "/content/kan/kan-11/השריקה-של-התנועה/": "השריקה של התנועה",
  "/content/kan/kan-11/יחסים-ויראליים-עם-שחר-חסון-ויוחאי-ספונדר/": "יחסים ויראליים עם שחר חסון ויוחאי ספונדר",
  "/content/kan/kan-11/מתיר-עגונות/": "מתיר עגונות",
  "/content/kan/kan-11/כאן-איתכם/": "כאן איתכם",
  "/content/kan/kan-11/יומני-היקר/": "יומני היקר",
  "/content/kan/kan-11/פשוט-בבית/": "פשוט בבית",
  "/content/kan/kan-11/כאן-בכושר/": "כאן בכושר",
  "/content/kan/kan-11/ספק-סביר/": "ספק סביר",
  "/content/kan/kan-11/לבנון/": "לבנון",
  "/content/kan/kan-11/שופטים-בשר-ודם/": "שופטים בשר ודם",
  "/content/kan/kan-11/היהודי-החדש/": "היהודי החדש",
  "/content/kan/kan-11/זיכרון-בסלון/": "זיכרון בסלון",
  "/content/kan/kan-11/ההרצלים/": "ההרצלים",
  "/content/kan/kan-11/שטח-הפקר/": "שטח הפקר",
  "/content/kan/kan-11/צייד-המרגלים/": "צייד המרגלים",
  "/content/kan/kan-11/שליחי-האל/": "שליחי האל",
  "/content/kan/kan-11/לא-תשקוט-הארץ/": "לא תשקוט הארץ",
  "/content/kan/kan-11/נישואין-במשבר/": "נישואין במשבר",
  "/content/kan/kan-11/ירוסלם/": "ירוסלם",
  "/content/kan/kan-11/צו-האופנה/": "צו האופנה",
  "/content/kan/kan-11/מתנה-לחג-עם-שאנן-סטריט/": "מתנה לחג עם שאנן סטריט",
  "/content/kan/kan-11/החיים-על-פי-דביר/": "החיים על פי דביר",
  "/content/kan/kan-11/איפה-אתה-חי/": "איפה אתה חי",
  "/content/kan/kan-11/מכאן-ומשם/": "מכאן ומשם",
  "/content/kan/kan-11/תוצאות-האמת/": "תוצאות האמת",
  "/content/kan/kan-11/מעברים/": "מעברים",
  "/content/kan/kan-11/סטוריז/": "סטוריז",
  "/content/kan/kan-11/אבא-משתדל/": "אבא משתדל",
  "/content/kan/kan-11/301-פדויים/": "301 פדויים",
  "/content/kan/kan-11/צדק-צדק-תרדוף/": "צדק צדק תרדוף",
  "/content/kan/kan-11/הופרדו-בלידתם/": "הופרדו בלידתם",
  "/content/kan/kan-11/קרוב-רחוק/": "קרוב רחוק",
  "/content/kan/kan-11/שרון/": "שרון",
  "/content/kan/kan-11/הלילה-הארוך-ביותר/": "הלילה הארוך ביותר",
  "/content/kan/kan-11/אחרי-נעילה/": "אחרי נעילה",
  "/content/kan/kan-11/ערוץ-אפס/": "ערוץ אפס",
  "/content/kan/kan-11/עולם-קטן/": "עולם קטן",
  "/content/kan/kan-11/למה-ככה/": "למה ככה",
  "/content/kan/kan-11/מייקרז/": "מייקרז",
  "/content/kan/kan-11/מוזות/": "מוזות",
  "/content/kan/kan-11/דרך-המוסיקה/": "דרך המוסיקה",
  "/content/kan/kan-11/מנאייכ/": "מנאייכ",
  "/content/kan/kan-11/אנחנו-על-המפית/": "אנחנו על המפית",
  "/content/kan/kan-11/יום-יום-חג/": "יום יום חג",
  "/content/kan/kan-11/כאן-ספיישלים/": "כאן ספיישלים",
  "/content/kan/kan-11/תחרות-ארתור-רובינשטיין-לפסנתר-2021/": "תחרות ארתור רובינשטיין לפסנתר 2021",
  "/content/kan/kan-11/טאבו/": "טאבו",
  "/content/kan/kan-11/שישו-ושמחו/": "שישו ושמחו",
  "/content/kan/kan-11/אויבים/": "אויבים",
  "/content/kan/kan-11/נהרות-הארגמן/": "נהרות הארגמן",
  "/content/kan/kan-11/הנבחרות/": "הנבחרות",
  "/content/kan/kan-11/האחוזון-העליון/": "האחוזון העליון",
  "/content/kan/kan-11/טיול-לחמישה/": "טיול לחמישה",
  "/content/kan/kan-11/בלי-פאניקה/": "בלי פאניקה",
  "/content/kan/kan-11/בואו-לאכול-איתי/": "בואו לאכול איתי",
  "/content/kan/kan-11/סיני/": "סיני",
  "/content/kan/kan-11/נבואת-קסנדרה/": "נבואת קסנדרה",
  "/content/kan/kan-11/ליגה-ג/": "ליגה ג",
  "/content/kan/kan-11/הטעויות-המוצלחות-שלי/": "הטעויות המוצלחות שלי",
  "/content/kan/kan-11/האזרח-גואטה/": "האזרח גואטה",
  "/content/kan/kan-11/פולארד/": "פולארד",
  "/content/kan/kan-11/מצב-נפשי/": "מצב נפשי",
  "/content/kan/kan-11/סליחה-על-השאלה/": "סליחה על השאלה",
  "/content/kan/kan-11/אגדת-חורבן/": "אגדת חורבן",
  "/content/kan/kan-11/רב-הנסתר/": "רב הנסתר",
  "/content/kan/kan-11/דור-אחד-וחצי/": "דור אחד וחצי",
  "/content/kan/kan-11/כוכבי-המדבר/": "כוכבי המדבר",
  "/content/kan/kan-11/העתיד-כבר-כאן/": "העתיד כבר כאן",
  "/content/kan/kan-11/עוד-ניפגש/": "עוד ניפגש",
  "/content/kan/kan-11/היהודים-באים/": "היהודים באים",
  "/content/kan/kan-11/קרתגו/": "קרתגו",
  "/content/kan/kan-11/מה-שתגידו/": "מה שתגידו",
  "/content/kan/kan-11/פרשת-דרכים/": "פרשת דרכים",
  "/content/kan/kan-11/מועדון-תרבות/": "מועדון תרבות",
  "/content/dig/digital/13165/": "חמושות",
  "/content/dig/digital/12479/": "כאן חיים",
  "/content/dig/digital/12443/": "כאן מסבירים",
  "/content/dig/digital/12435/": "שיחות מילואים",
  "/content/dig/digital/12420/": "שם טוב האבי",
  "/content/dig/digital/11940/": "כאן דעה",
  "/content/dig/digital/11133/": "הקאמבק",
  "/content/dig/digital/12180/": "חיות כיס",
  "/content/dig/digital/11518/": "אבא בנבדל",
  "/content/dig/digital/12150/": "אליה שם לב לדברים",
  "/content/dig/digital/11474/": "לא מאמינים",
  "/content/dig/digital/11240/": "זום IN",
  "/content/dig/digital/11044/": "בואו נרגע",
  "/content/dig/digital/11458/": "משפחת פנסטה",
  "/content/dig/digital/11328/": "מסיבת טבע",
  "/content/dig/digital/11728/": "עושים ירוק",
  "/content/dig/digital/11540/": "הטרמפיסטים",
  "/content/dig/digital/11228/": "לצאת מהקופסה",
  "/content/dig/digital/12058/": "מגזימות",
  "/content/dig/digital/11664/": "כאן מקשיבים",
  "/content/dig/digital/11297/": "ביקורת נוסטלגיה",
  "/content/dig/digital/365795/": "עשרים ש\"ח לראש",
  "/content/dig/digital/12637/": "סוף הדרך",
  "/content/dig/digital/11685/": "דוקותיים",
  "/content/dig/digital/11065/": "תרגיל בחיבור",
  "/content/dig/digital/372997/": "בינו לבינה",
  "/content/dig/digital/כאן-מכירים/": "כאן מכירים",
  "/content/dig/digital/כאן-שיר/": "כאן שיר",
  "/content/dig/digital/jewish-מילניאלס/": "jewish מילניאלס",
  "/content/dig/digital/ארון-הקודש/": "ארון הקודש",
  "/content/dig/digital/הדשא-של-השכנה/": "הדשא של השכנה",
  "/content/dig/digital/ילדי-פלא/": "ילדי פלא",
  "/content/dig/digital/המחלקה-היהודית/": "המחלקה היהודית",
  "/content/dig/digital/קול-התור/": "קול התור",
  "/content/dig/digital/אליה-מסביר-דברים-בעזרת-צעצועים/": "אליה מסביר דברים בעזרת צעצועים",
  "/content/dig/digital/800-בפסיכומטרי/": "800 בפסיכומטרי",
  "/content/dig/digital/כאן-תשח/": "כאן תשח",
  "/content/dig/digital/כאן-סקרנים/": "כאן סקרנים",
  "/content/dig/digital/התמודדות-אסתי-סגל/": "התמודדות אסתי סגל",
  "/content/dig/digital/אהוד-והפסיכולוג/": "אהוד והפסיכולוג",
  "/content/dig/digital/זוגות/": "זוגות",
  "/content/dig/digital/לוחמים/": "לוחמים",
  "/content/dig/digital/כאן-מציינים/": "כאן מציינים",
  "/content/dig/digital/כאן-לשון-קצרצרים/": "כאן לשון קצרצרים",
  "/content/dig/digital/לפטר-את-המעצב/": "לפטר את המעצב",
  "/content/dig/digital/כאן-מחקרים/": "כאן מחקרים",
  "/content/dig/digital/המשמר-המזרחי/": "המשמר המזרחי",
  "/content/dig/digital/מכירים-את-אלה/": "מכירים את אלה",
  "/content/dig/digital/מלך-מתגייס/": "מלך מתגייס",
  "/content/dig/digital/ירושלמים/": "ירושלמים",
  "/content/dig/digital/כאן-היסטוריה/": "כאן היסטוריה",
  "/content/dig/digital/מחוץ-למגרש/": "מחוץ למגרש",
  "/content/dig/digital/עולם-בעלי-מלאכה-עם-מלך-זילברשלג/": "עולם בעלי מלאכה עם מלך זילברשלג",
  "/content/dig/digital/ימי-בחירות/": "ימי בחירות",
  "/content/dig/digital/צוחקים-אתכם/": "צוחקים אתכם",
  "/content/dig/digital/כאן-מעורבים/": "כאן מעורבים",
  "/content/dig/digital/כאן-עברית/": "כאן עברית",
  "/content/dig/digital/סיפור-לפני-השינה/": "סיפור לפני השינה",
  "/content/dig/digital/מחוץ-לאולם/": "מחוץ לאולם",
  "/content/dig/digital/שאלה-אחת/": "שאלה אחת",
  "/content/dig/digital/חברו-הטוב-של/": "חברו הטוב של",
  "/content/dig/digital/כאן-מוקד-תמיכה/": "כאן מוקד תמיכה",
  "/content/dig/digital/הפינה-של-מלך/": "הפינה של מלך",
  "/content/dig/digital/דייט-עם-תמיר/": "דייט עם תמיר",
  "/content/dig/digital/דרעקולה/": "דרעקולה",
  "/content/dig/digital/המעבדה/": "המעבדה",
  "/content/dig/digital/הילדים-של-כאן/": "הילדים של כאן",
  "/content/dig/digital/כאן-כנסת/": "כאן כנסת",
  "/content/dig/digital/כאן-אורייתא/": "כאן אורייתא",
  "/content/dig/digital/סתיו-בננת-הבטיחות/": "סתיו בננת הבטיחות",
  "/content/dig/digital/כאן-עתידות/": "כאן עתידות",
  "/content/dig/digital/סודות-הבנים/": "סודות הבנים",
  "/content/dig/digital/הכל-סביבה/": "הכל סביבה",
  "/content/dig/digital/כאן-סין/": "כאן סין",
  "/content/dig/digital/יום-סידורים-עם-תמיר/": "יום סידורים עם תמיר",
  "/content/dig/digital/בר-סמכא/": "בר סמכא",
  "/content/dig/digital/הנוער-של-היום/": "הנוער של היום",
  "/content/dig/digital/ריחן-מוצב-המוות/": "ריחן מוצב המוות",
  "/content/dig/digital/זה-אמיתי/": "זה אמיתי",
  "/content/dig/digital/כאן-פיוט/": "כאן פיוט",
  "/content/dig/digital/כ-כא-כאן-מאומן/": "כ כא כאן מאומן",
  "/content/dig/digital/אסתי-בשטח/": "אסתי בשטח",
  "/content/dig/digital/מקצועות-במספרים/": "מקצועות במספרים",
  "/content/dig/digital/מונולוגים/": "מונולוגים",
  "/content/dig/digital/מדעי-החיים/": "מדעי החיים",
  "/content/dig/digital/התמודדות/": "התמודדות",
  "/content/dig/digital/כאן-קורונה/": "כאן קורונה",
  "/content/dig/digital/הספינרים/": "הספינרים",
  "/content/dig/digital/בנפשם/": "בנפשם",
  "/content/dig/digital/מדינת-ירושלים/": "מדינת ירושלים",
  "/content/dig/digital/להישאר-במשחק/": "להישאר במשחק",
  "/content/dig/digital/מה-קרה-עם-זה-בסוף/": "מה קרה עם זה בסוף",
  "/content/dig/digital/כאן-יציאה/": "כאן יציאה",
  "/content/dig/digital/מדע-הבחירות/": "מדע הבחירות",
  "/content/dig/digital/אהוד-והבנות/": "אהוד והבנות",
  "/content/dig/digital/על-הגוף/": "על הגוף",
  "/content/dig/digital/לאבד-את-הדרום/": "לאבד את הדרום",
  "/content/dig/digital/העצמאים/": "העצמאים",
  "/content/dig/digital/כאן-לרגע/": "כאן לרגע",
  "/content/dig/digital/בלי-עין-הרע/": "בלי עין הרע",
  "/content/dig/digital/עובר-על-החוק/": "עובר על החוק",
  "/content/dig/digital/בדרך-לטוקיו/": "בדרך לטוקיו",
  "/content/dig/digital/החיים-הטובים/": "החיים הטובים",
  "/content/dig/digital/תעלומות/": "תעלומות",
  "/content/dig/digital/aminormal/": "aminormal",
  "/content/dig/digital/פגום/": "פגום",
  "/content/dig/digital/תוצרת-ישראל/": "תוצרת ישראל",
  "/content/dig/digital/לשדוד-את-סבתא/": "לשדוד את סבתא",
  "/content/dig/digital/כאן-חסכנים/": "כאן חסכנים",
  "/content/dig/digital/מה-לא-בסדר-איתי/": "מה לא בסדר איתי",
  "/content/dig/digital/הדיקטטורים/": "הדיקטטורים",
  "/content/dig/digital/יקומות/": "יקומות",
  "/content/dig/digital/מהגר-אקלים/": "מהגר אקלים",
  "/content/dig/digital/ספר-המדבר/": "ספר המדבר",
  "/content/dig/digital/מדע-הכדורגל/": "מדע הכדורגל",
  "/content/dig/digital/היינו-פה/": "היינו פה",
  "/content/dig/digital/בשביל-הסיפור/": "בשביל הסיפור",
  "/content/dig/digital/כאן-מציקים/": "כאן מציקים",
  "/content/dig/digital/בגלוי/": "בגלוי",
  "/content/dig/digital/סליחות/": "סליחות",
  "/content/dig/digital/הנבחרת-של-דניאל-חן/": "הנבחרת של דניאל חן",
  "/content/dig/digital/קצר-על-קטאר/": "קצר על קטאר",
  "/content/dig/digital/עוד-מכאן/": "עוד מכאן",
  "/content/dig/digital/אוטובוס-הסרטים/": "אוטובוס הסרטים",
  "/content/dig/digital/כאן-ציזבטים/": "כאן ציזבטים",
  "/content/dig/digital/החידא-6/": "החידא 6",
  "/content/dig/digital/כאן-ערבית/": "כאן ערבית",
  "/content/dig/digital/929-60-שניות-על-תהילים/": "929 60 שניות על תהילים",
  "/content/dig/digital/זה-מורכב-it-s-complicated/": "זה מורכב it s complicated",
  "/content/dig/digital/בדרך-למונדיאל-עוצרים-ברוסיה/": "בדרך למונדיאל עוצרים ברוסיה",
  "/content/dig/digital/עדשות-המלחמה/": "עדשות המלחמה",
  "/content/dig/digital/למה-זה-עדיין-קיים/": "למה זה עדיין קיים",
  "/content/dig/digital/ימני-או-שמאלני/": "ימני או שמאלני",
  "/content/dig/digital/כאן-אקסטרים/": "כאן אקסטרים",
  "/content/dig/digital/אפרו/": "אפרו",
  "/content/dig/digital/כאן-מדע/": "כאן מדע",
  "/content/dig/digital/חיי-המתים/": "חיי המתים",
  "/content/dig/digital/אליה-vs-מוסקבה/": "אליה vs מוסקבה",
  "/content/dig/digital/כאן-אינדי/": "כאן אינדי",
  "/content/dig/digital/מאיר-את-היום/": "מאיר את היום",
  "/content/dig/digital/תרופות-סבתא/": "תרופות סבתא",
  "/content/dig/digital/תמיר-רץ-לכנסת/": "תמיר רץ לכנסת",
  "/content/dig/digital/ילדי_הכנסת/": "ילדי_הכנסת",
  "/content/dig/digital/jewish-קאנטרי/": "jewish קאנטרי",
  "/content/dig/digital/צלפים/": "צלפים",
  "/content/dig/digital/פני-זקן/": "פני זקן",
  "/content/dig/digital/מלאכי-השביל/": "מלאכי השביל",
  "/content/dig/digital/המדור-לחיפוש-קרובים/": "המדור לחיפוש קרובים",
  "/content/dig/digital/upload/": "upload",
  "/content/dig/digital/מטיילים-בישראל-traveling-israel/": "מטיילים בישראל traveling israel",
  "/content/dig/digital/שלמים/": "שלמים",
  "/content/dig/digital/כאן-גרביים/": "כאן גרביים",
  "/content/dig/digital/כאן-diy/": "כאן diy",
  "/content/dig/digital/מבודדים/": "מבודדים",
  "/content/dig/digital/המהפכה-הגאה-שלי/": "המהפכה הגאה שלי",
  "/content/dig/digital/kan-arb/": "kan arb",
  "/content/dig/digital/חוות-החופש/": "חוות החופש",
  "/content/dig/digital/היה-היה-פה-ים/": "היה היה פה ים",
  "/content/dig/digital/סינדרום-פיינגולד/": "סינדרום פיינגולד",
  "/content/dig/digital/שלושה-צעדים/": "שלושה צעדים",
  "/content/kids/hinuchit-main/11114/": "האחיין שלי בנץ",
  "/content/kids/hinuchit-main/11352/": "ילדי בית העץ",
  "/content/kids/hinuchit-main/חקירות-קטנות/": "חקירות קטנות",
  "/content/kids/hinuchit-main/האולפן-שלי-בנץ/": "האולפן שלי בנץ",
  "/content/kids/hinuchit-main/מקיף-מילאנו/": "מקיף מילאנו",
  "/content/kids/hinuchit-main/סליחה-על-השאלה-ילדים/": "סליחה על השאלה ילדים",
  "/content/kids/hinuchit-main/מסע-לפולין/": "מסע לפולין",
  "/content/kids/hinuchit-main/מדרסה/": "מדרסה",
  "/content/kids/hinuchit-main/הבאר/": "הבאר",
  "/content/kids/hinuchit-main/כאן-ואומן/": "כאן ואומן",
  "/content/kids/hinuchit-main/חיות-במה-צוחקות/": "חיות במה צוחקות",
  "/content/kids/hinuchit-main/10-עובדות-על/": "10 עובדות על",
  "/content/kids/hinuchit-main/בחירות-בחינוכית/": "בחירות בחינוכית",
  "/content/kids/hinuchit-main/מה-הדיבור/": "מה הדיבור",
  "/content/kids/hinuchit-main/מתויגים/": "מתויגים",
  "/content/kids/hinuchit-main/רק-בהצבעה/": "רק בהצבעה",
  "/content/kids/hinuchit-main/חיות-רשת/": "חיות רשת",
  "/content/kids/hinuchit-main/מתחת-לעור/": "מתחת לעור",
  "/content/kids/hinuchit-main/האוצר-שלנו/": "האוצר שלנו",
  "/content/kids/hinuchit-main/חיות-מסך/": "חיות מסך",
  "/content/kids/hinuchit-main/מקס-המדען/": "מקס המדען",
  "/content/kids/hinuchit-main/תריץ-אחורה/": "תריץ אחורה",
  "/content/kids/hinuchit-main/חיות-במה-בהופעה/": "חיות במה בהופעה",
  "/content/kids/hinuchit-main/חיות-במה-יוצרות/": "חיות במה יוצרות",
  "/content/kids/hinuchit-main/השופטת-ליטל/": "השופטת ליטל",
  "/content/kids/hinuchit-main/הפסקת-אוכל/": "הפסקת אוכל",
  "/content/kids/hinuchit-main/המתחם-ה-25/": "המתחם ה 25",
  "/content/kids/hinuchit-main/המחלקה-לחפצים-מיוחדים/": "המחלקה לחפצים מיוחדים",
  "/content/kids/hinuchit-main/החפרנים/": "החפרנים",
  "/content/kids/hinuchit-main/בין-השורות-דמוקרטיה/": "בין השורות דמוקרטיה",
  "/content/kids/hinuchit-main/אפסילון/": "אפסילון",
  "/content/kids/hinuchit-main/אחת-שיודעת/": "אחת שיודעת",
  "/content/kids/hinuchit-main/אבודים-בריבוע/": "אבודים בריבוע",
  "/content/kids/hinuchit-main/אתגר-הצבע/": "אתגר הצבע",
  "/content/kids/hinuchit-main/שוסטר-ושוסטר/": "שוסטר ושוסטר",
  "/content/kids/hinuchit-main/חיות-שטח/": "חיות שטח",
  "/content/kids/hinuchit-main/משחקי-המוח/": "משחקי המוח",
  "/content/kids/hinuchit-main/גלילאו/": "גלילאו",
  "/content/kids/hinuchit-main/להציל-את-חיות-הבר/": "להציל את חיות הבר",
  "/content/kids/hinuchit-main/מי-פה-הבוס/": "מי פה הבוס",
  "/content/kids/hinuchit-main/בלוגה-בלוז/": "בלוגה בלוז",
  "/content/kids/hinuchit-main/לבד-בבית/": "לבד בבית",
  "/content/kids/hinuchit-main/מהצד-שלנו/": "מהצד שלנו",
  "/content/kids/hinuchit-main/כל-עוד-בלבב/": "כל עוד בלבב",
  "/content/kids/hinuchit-main/למה-זה-טוב/": "למה זה טוב",
  "/content/kids/hinuchit-main/שקשוקה/": "שקשוקה",
  "/content/kids/hinuchit-main/כראמל/": "כראמל",
  "/content/kids/hinuchit-main/שלי-הכובשת/": "שלי הכובשת",
  "/content/kids/hinuchit-main/השמרטפים/": "השמרטפים",
  "/content/kids/hinuchit-main/מיוחדת/": "מיוחדת",
  "/content/kids/hinuchit-main/יום-הזיכרון-לשואה-ולגבורה/": "יום הזיכרון לשואה ולגבורה"
}