{
  "/content/kan/kan-11/p-12346/": "העשירייה המצעד הרשמי של ישראל",
  "/content/kan/kan-11/p-409829/": "המדרשיה",
  "/content/kan/kan-11/p-394893/": "דיוקן",
  "/content/kan/kan-11/p-372890/": "אנה והרופא המצרי",
  "/content/kan/kan-11/p-372896/": "חיים בצל המוות",
  "/content/kan/kan-11/p-372906/": "דימונה צ'מפיונס",
  "/content/kan/kan-11/p-372899/": "מוטי קירשנבאום",
  "/content/kan/kan-11/p-372895/": "המפעיל",
  "/content/kan/kan-11/p-395064/": "ארבע שעות ביום",
  "/content/kan/kan-11/p-394880/": "לילות קיץ",
  "/content/kan/kan-11/p-389355/": "שישה אפסים",
  "/content/kan/kan-11/p-393692/": "לצאת מבוסייר",
  "/content/kan/kan-11/p-393683/": "הפרק האחרון של א\"ב יהושע",
  "/content/kan/kan-11/p-393579/": "גרוסמן",
  "/content/kan/kan-11/p-393359/": "מיני די וי",
  "/content/kan/kan-11/p-393345/": "יומנו של נאצי",
  "/content/kan/kan-11/p-393333/": "סאבוטז'",
  "/content/kan/kan-11/p-13405/": "המאה ה-21",
  "/content/kan/kan-11/p-13375/": "לכודים",
  "/content/kan/kan-11/p-13387/": "עבודת רגליים",
  "/content/kan/kan-11/p-11635/": "קרתגו",
  "/content/kan/kan-11/p-375617/": "רן ואוהדי",
  "/content/kan/kan-11/p-11510/": "מה שתגידו",
  "/content/kan/kan-11/p-12967/": "הד קולך",
  "/content/kan/kan-11/p-13712/": "80 וארבע",
  "/content/kan/kan-11/p-12955/": "סיפורים מהכורסה",
  "/content/kan/kan-11/p-374649/": "תזמורת המהפכה",
  "/content/kan/kan-11/p-13898/": "שומרי הסף",
  "/content/kan/kan-11/p-12412/": "מכונת המיתוסים",
  "/content/kan/kan-11/p-13684/": "הדבר הגדול המיוחד",
  "/content/kan/kan-11/p-13060/": "החנות שיש בה הכל",
  "/content/kan/kan-11/p-12845/": "עלומים",
  "/content/kan/kan-11/p-11568/": "אבירם כץ",
  "/content/kan/kan-11/p-327417/": "מישהו לגור איתו",
  "/content/kan/kan-11/p-11454/": "בשם האב",
  "/content/kan/kan-11/p-11486/": "פגישה עם רוני קובן",
  "/content/kan/kan-11/p-13815/": "תיק נעדר",
  "/content/kan/kan-11/p-327420/": "3 שירים",
  "/content/kan/kan-11/p-13081/": "חזרות",
  "/content/kan/kan-11/p-13077/": "מותק בול באמצע",
  "/content/kan/kan-11/p-13038/": "פמת\"א",
  "/content/kan/kan-11/p-11247/": "מלאך משחית",
  "/content/kan/kan-11/p-13283/": "שב/ס",
  "/content/kan/kan-11/p-13811/": "העברים",
  "/content/kan/kan-11/p-11766/": "המפקדת",
  "/content/kan/kan-11/p-12463/": "מהצד השני",
  "/content/kan/kan-11/p-13237/": "אחד על אחד",
  "/content/kan/kan-11/p-13291/": "שטוקהולם",
  "/content/kan/kan-11/p-12317/": "טהרן",
  "/content/kan/kan-11/p-12657/": "שעת אפס",
  "/content/kan/kan-11/p-13173/": "שעת נעילה",
  "/content/kan/kan-11/p-12816/": "טיפול זוגי",
  "/content/kan/kan-11/p-11944/": "מתחילים מאפס",
  "/content/kan/kan-11/p-13011/": "ערב עם שי שטרן",
  "/content/kan/kan-11/p-11606/": "קארפול קריוקי",
  "/content/kan/kan-11/p-11534/": "המרדף",
  "/content/kan/kan-11/p-327413/": "מדורות השבטים",
  "/content/kan/kan-11/p-12002/": "זהו זה!",
  "/content/kan/kan-11/p-12832/": "קופה ראשית",
  "/content/kan/kan-11/p-12043/": "זמן אמת",
  "/content/kan/kan-11/p-11372/": "הבלתי חשובים",
  "/content/kan/kan-11/p-13863/": "אסקייפ",
  "/content/kan/kan-11/p-12373/": "אגן הים התיכון",
  "/content/kan/kan-11/p-12645/": "סוכן תרבות",
  "/content/kan/kan-11/p-372893/": "סבוי",
  "/content/kan/kan-11/p-372892/": "40 צעדים",
  "/content/kan/kan-11/p-372903/": "מצרים שיר אהבה",
  "/content/kan/kan-11/p-372904/": "ילדי השלום",
  "/content/kan/kan-11/p-13161/": "שלומי שבן מארח",
  "/content/kan/kan-11/p-372894/": "הבחירה של ניצה",
  "/content/kan/kan-11/p-372891/": "אגנס קלטי לנצח את הזמן",
  "/content/kan/kan-11/p-13827/": "מונא",
  "/content/kan/kan-11/p-13783/": "דוז פואה",
  "/content/kan/kan-11/p-372889/": "משפט הבנקאים",
  "/content/kan/kan-11/p-326396/": "יומני בודפשט",
  "/content/kan/kan-11/p-372886/": "הפרטיזן עם מצלמת הלייקה",
  "/content/kan/kan-11/p-372874/": "בחזרה לצרנוביל",
  "/content/kan/kan-11/p-372859/": "מקווה שאני בפריים",
  "/content/kan/kan-11/p-372835/": "ברית המועצות - הקריסה",
  "/content/kan/kan-11/p-372829/": "על כסא הבמאי יושבת אישה",
  "/content/kan/kan-11/p-372824/": "קטאר נפט אמביציה ודם",
  "/content/kan/kan-11/p-372815/": "המראה של השמש",
  "/content/kan/kan-11/p-372810/": "דפיקה בדלת",
  "/content/kan/kan-11/p-372801/": "ברונקה",
  "/content/kan/kan-11/p-372794/": "עמוד האש בצבע",
  "/content/kan/kan-11/p-372773/": "רצח בקולנוע צפון",
  "/content/kan/kan-11/p-11408/": "כאן דוקו",
  "/content/kan/kan-11/p-372765/": "עוד לא אבדה",
  "/content/kan/kan-11/p-372746/": "מנדט לרצח",
  "/content/kan/kan-11/p-13855/": "נקודת מפנה",
  "/content/kan/kan-11/p-12255/": "אקלים לשינוי",
  "/content/kan/kan-11/p-336211/": "א פרייעלכן פורים",
  "/content/kan/kan-11/p-367807/": "אירופה זה לא מספיק",
  "/content/kan/kan-11/p-336209/": "17 שניות",
  "/content/kan/kan-11/p-336218/": "מתנחלת",
  "/content/kan/kan-11/p-336224/": "פרדי היקר",
  "/content/kan/kan-11/p-336226/": "הנאצי הטוב סיפורו של קרל פלאגה",
  "/content/kan/kan-11/p-336219/": "אחיות a sisters song",
  "/content/kan/kan-11/p-11311/": "נפיץ עם תם אהרון",
  "/content/kan/kan-11/p-13114/": "ארון השירים היהודי",
  "/content/kan/kan-11/p-13029/": "תנו לעבוד",
  "/content/kan/kan-11/p-14136/": "לטעות זה אנושי",
  "/content/kan/kan-11/p-336221/": "אישה של בית",
  "/content/kan/kan-11/p-336216/": "יער שחור",
  "/content/kan/kan-11/p-336213/": "כאן דוקו upload",
  "/content/kan/kan-11/p-336212/": "איזנקוט",
  "/content/kan/kan-11/p-13768/": "רילוקיישן",
  "/content/kan/kan-11/p-13042/": "טיול אחרי צבא",
  "/content/kan/kan-11/p-336522/": "אסתיר פניי",
  "/content/kan/kan-11/p-12289/": "מחברות שחורות",
  "/content/kan/kan-11/p-11145/": "אורות וצללים",
  "/content/kan/kan-11/p-13581/": "הלילה עם לוסי וגורי",
  "/content/kan/kan-11/p-13835/": "התסריטאי",
  "/content/kan/kan-11/p-12859/": "משפחה בהסעה",
  "/content/kan/kan-11/p-11332/": "איסט סייד",
  "/content/kan/kan-11/p-11901/": "יוצאים מהכלל",
  "/content/kan/kan-11/p-12274/": "תיק 512",
  "/content/kan/kan-11/p-12487/": "חידת משולם",
  "/content/kan/kan-11/p-13209/": "פרויקט משפחות 2021",
  "/content/kan/kan-11/p-13126/": "מרגלים מבית",
  "/content/kan/kan-11/p-13644/": "מלחמה בלי שם",
  "/content/kan/kan-11/p-12629/": "פסטיבל הפסנתר של תל אביב יפו",
  "/content/kan/kan-11/p-12169/": "סבתא בישלה עם תום יער",
  "/content/kan/kan-11/p-12471/": "אייכמן ההקלטות האבודות",
  "/content/kan/kan-11/p-336234/": "הגוטליב האחרון",
  "/content/kan/kan-11/p-13189/": "צל כבד",
  "/content/kan/kan-11/p-336231/": "רחוב העצמאות 70",
  "/content/kan/kan-11/p-336232/": "שברים",
  "/content/kan/kan-11/p-336236/": "זכרונות משפט אייכמן",
  "/content/kan/kan-11/p-336520/": "חיוך נצחי",
  "/content/kan/kan-11/p-336527/": "השיחה האחרונה",
  "/content/kan/kan-11/p-336528/": "שחורות",
  "/content/kan/kan-11/p-336228/": "הפחד לאהוב",
  "/content/kan/kan-11/p-13648/": "עושים לביתנו",
  "/content/kan/kan-11/p-13914/": "חסידיסטוק",
  "/content/kan/kan-11/p-13652/": "רבנו",
  "/content/kan/kan-11/p-12766/": "שאלה תשובה",
  "/content/kan/kan-11/p-12928/": "מילה של רופא",
  "/content/kan/kan-11/p-13728/": "מלכויות של מטה",
  "/content/kan/kan-11/p-13692/": "נייעס",
  "/content/kan/kan-11/p-13611/": "צליל מכוון",
  "/content/kan/kan-11/p-11232/": "אביתר בנאי האלבום הראשון",
  "/content/kan/kan-11/p-12013/": "המנדט",
  "/content/kan/kan-11/p-325427/": "המוחרם שפינוזה",
  "/content/kan/kan-11/p-13205/": "הפרטיזן האחרון",
  "/content/kan/kan-11/p-13823/": "בוכרא פי א למישמיש",
  "/content/kan/kan-11/p-13879/": "האיש שניסה למנוע מלחמה",
  "/content/kan/kan-11/p-13906/": "הסיבוב השני",
  "/content/kan/kan-11/p-13902/": "חיים שכדוגמתם לא ראינו מעולם",
  "/content/kan/kan-11/p-13886/": "הנשר הגדול",
  "/content/kan/kan-11/p-13890/": "הרמטכלים",
  "/content/kan/kan-11/p-13882/": "הצרפוקאים",
  "/content/kan/kan-11/p-13910/": "יחידה מעורבת אריות הירדן",
  "/content/kan/kan-11/p-13894/": "והארץ הייתה תוהו ובוהו",
  "/content/kan/kan-11/p-13628/": "שלוש היו אהבותי",
  "/content/kan/kan-11/p-13624/": "קול השכונה",
  "/content/kan/kan-11/p-13636/": "סודות משפחה",
  "/content/kan/kan-11/p-13640/": "שמיים בצבע אדום",
  "/content/kan/kan-11/p-13620/": "קונצרט עד הבית",
  "/content/kan/kan-11/p-13401/": "זהו זה השירים",
  "/content/kan/kan-11/p-13607/": "פעם בשבוע עם תם אהרון",
  "/content/kan/kan-11/p-13615/": "עד כאן",
  "/content/kan/kan-11/p-14014/": "הפוליטיקה של השומן",
  "/content/kan/kan-11/p-13962/": "סולו",
  "/content/kan/kan-11/p-13982/": "בחזרה אל הרגע",
  "/content/kan/kan-11/p-13958/": "אירופה לשלוש דקות",
  "/content/kan/kan-11/p-13974/": "המכולה",
  "/content/kan/kan-11/p-13970/": "הערב יהיו כאן",
  "/content/kan/kan-11/p-13986/": "על המשמר",
  "/content/kan/kan-11/p-13978/": "סוכן תרבות המהדורה היומית",
  "/content/kan/kan-11/p-13748/": "חכמים בלילה",
  "/content/kan/kan-11/p-13764/": "טיול שורשים",
  "/content/kan/kan-11/p-13775/": "ניפגש בלובי",
  "/content/kan/kan-11/p-13760/": "וואי וואי וואי",
  "/content/kan/kan-11/p-13779/": "מה נסגר",
  "/content/kan/kan-11/p-13744/": "גאולה ולונדון",
  "/content/kan/kan-11/p-13656/": "המהפכה הגאה",
  "/content/kan/kan-11/p-13668/": "קצה חוט",
  "/content/kan/kan-11/p-13672/": "אלי כהן: לוחם 566",
  "/content/kan/kan-11/p-13660/": "ארוחת ארבע",
  "/content/kan/kan-11/p-13664/": "עמוד האש",
  "/content/kan/kan-11/p-13316/": "דרום קוריאה למתקדמים",
  "/content/kan/kan-11/p-13307/": "קפיטליזם",
  "/content/kan/kan-11/p-13320/": "מאה מצולמת",
  "/content/kan/kan-11/p-13875/": "תפוחים מן המדבר",
  "/content/kan/kan-11/p-13859/": "ערב טוב אירופה לאירוויזיון 2019",
  "/content/kan/kan-11/p-13871/": "תקומה",
  "/content/kan/kan-11/p-13851/": "בין השמשות",
  "/content/kan/kan-11/p-13807/": "המוח מדריך למשתמש",
  "/content/kan/kan-11/p-13791/": "ימי בגין",
  "/content/kan/kan-11/p-13803/": "משתפים פעולה",
  "/content/kan/kan-11/p-13787/": "מעברות",
  "/content/kan/kan-11/p-13795/": "המתמודדים",
  "/content/kan/kan-11/p-13799/": "סליחה על השאלה בערבית",
  "/content/kan/kan-11/p-13700/": "אירוויזיון העזנו לחלום",
  "/content/kan/kan-11/p-13696/": "השריקה של התנועה",
  "/content/kan/kan-11/p-13680/": "יחסים ויראליים עם שחר חסון ויוחאי ספונדר",
  "/content/kan/kan-11/p-13688/": "מתיר עגונות",
  "/content/kan/kan-11/p-13676/": "כאן איתכם",
  "/content/kan/kan-11/p-13589/": "יומני היקר",
  "/content/kan/kan-11/p-13603/": "פשוט בבית",
  "/content/kan/kan-11/p-13599/": "כאן בכושר",
  "/content/kan/kan-11/p-13221/": "ספק סביר",
  "/content/kan/kan-11/p-13249/": "לבנון",
  "/content/kan/kan-11/p-13276/": "שופטים בשר ודם",
  "/content/kan/kan-11/p-13225/": "היהודי החדש",
  "/content/kan/kan-11/p-14214/": "זיכרון בסלון",
  "/content/kan/kan-11/p-14210/": "ההרצלים",
  "/content/kan/kan-11/p-14052/": "שטח הפקר",
  "/content/dig/digital/p-13033/": "זוגות",
  "/content/dig/digital/p-13287/": "מאיר את היום",
  "/content/dig/digital/p-13561/": "כאן ערבית",
  "/content/dig/digital/p-11580/": "קצר על קטאר",
  "/content/dig/digital/p-12901/": "כאן ARB",
  "/content/dig/digital/p-12919/": "מבודדים",
  "/content/dig/digital/p-11153/": "שלושה צעדים",
  "/content/dig/digital/p-12855/": "חוות החופש",
  "/content/dig/digital/p-12495/": "סינדרום פיינגולד",
  "/content/dig/digital/p-13094/": "מטיילים בישראל traveling israel",
  "/content/dig/digital/dr-tili/": "דוקטור תילי",
  "/content/dig/digital/p-13149/": "upload",
  "/content/dig/digital/p-13153/": "המדור לחיפוש קרובים",
  "/content/dig/digital/p-12245/": "כאן מכירים",
  "/content/dig/digital/p-13229/": "כאן שיר",
  "/content/dig/digital/p-12951/": "jewish מילניאלס",
  "/content/dig/digital/p-11494/": "קול התור",
  "/content/dig/digital/p-12774/": "אליה מסביר דברים בעזרת צעצועים",
  "/content/dig/digital/p-12933/": "800 בפסיכומטרי",
  "/content/dig/digital/p-13019/": "כאן תש\"ח",
  "/content/dig/digital/p-13269/": "התמודדות",
  "/content/dig/digital/p-13138/": "אהוד והפסיכולוג",
  "/content/dig/digital/p-11972/": "לוחמים",
  "/content/dig/digital/p-13102/": "כאן מציינים",
  "/content/dig/digital/p-13118/": "הפינה של מלך",
  "/content/dig/digital/p-13068/": "הילדים של כאן",
  "/content/dig/digital/p-13007/": "סתיו בננת הבטיחות",
  "/content/dig/digital/p-12999/": "כאן עתידות",
  "/content/dig/digital/p-12995/": "סודות הבנים",
  "/content/dig/digital/p-12991/": "הכל סביבה",
  "/content/dig/digital/p-12984/": "כאן סין",
  "/content/dig/digital/p-12975/": "יום סידורים עם תמיר",
  "/content/dig/digital/p-12937/": "בר סמכא",
  "/content/dig/digital/p-12891/": "הנוער של היום",
  "/content/dig/digital/p-12879/": "ריחן מוצב המוות",
  "/content/dig/digital/p-12867/": "זה אמיתי?",
  "/content/dig/digital/p-12849/": "כאן פיוט",
  "/content/dig/digital/p-12812/": "אסתי בשטח",
  "/content/dig/digital/p-12785/": "מונולוגים",
  "/content/dig/digital/p-12762/": "מדעי החיים",
  "/content/dig/digital/p-12748/": "התמודדות",
  "/content/dig/digital/p-12724/": "כאן קורונה",
  "/content/dig/digital/p-12717/": "הספינרים",
  "/content/dig/digital/p-12693/": "מדינת ירושלים",
  "/content/dig/digital/p-12677/": "להישאר במשחק",
  "/content/dig/digital/p-12665/": "מה קרה עם זה בסוף?",
  "/content/dig/digital/p-12649/": "כאן יציאה",
  "/content/dig/digital/p-12625/": "מדע הבחירות",
  "/content/dig/digital/p-12621/": "אבא לארבע",
  "/content/dig/digital/p-12602/": "על הגוף",
  "/content/dig/digital/p-12590/": "לאבד את הדרום",
  "/content/dig/digital/p-12575/": "העצמאים",
  "/content/dig/digital/p-12559/": "כאן לרגע",
  "/content/dig/digital/p-12555/": "בלי עין הרע",
  "/content/dig/digital/p-12523/": "עובר על החוק",
  "/content/dig/digital/p-12519/": "בדרך לטוקיו",
  "/content/dig/digital/p-12491/": "החיים הטובים",
  "/content/dig/digital/p-12459/": "תעלומות",
  "/content/dig/digital/p-12405/": "aminormal",
  "/content/dig/digital/p-12381/": "פגום",
  "/content/dig/digital/p-12361/": "תוצרת ישראל",
  "/content/dig/digital/p-12221/": "לשדוד את סבתא",
  "/content/dig/digital/p-12201/": "כאן חסכנים",
  "/content/dig/digital/p-12136/": "מה לא בסדר איתי?",
  "/content/dig/digital/p-12097/": "הדיקטטורים",
  "/content/dig/digital/p-12090/": "יקומות",
  "/content/dig/digital/p-12036/": "מהגר אקלים",
  "/content/dig/digital/p-12008/": "ספר המדבר",
  "/content/dig/digital/p-11913/": "מדע הכדורגל",
  "/content/dig/digital/p-11890/": "היינו פה",
  "/content/dig/digital/p-11852/": "בשביל הסיפור",
  "/content/dig/digital/p-11838/": "כאן מציקים",
  "/content/dig/digital/p-11805/": "בגלוי",
  "/content/dig/digital/p-11739/": "סליחות",
  "/content/dig/digital/p-11631/": "הנבחרת של דניאל חן",
  "/content/dig/digital/p-11412/": "עוד מכאן",
  "/content/dig/digital/p-13585/": "אוטובוס הסרטים",
  "/content/dig/digital/p-13573/": "כאן ציזבטים",
  "/content/dig/digital/p-13549/": "תהילים",
  "/content/dig/digital/p-13185/": "פני זקן",
  "/content/dig/digital/p-13052/": "כאן גרביים",
  "/content/dig/digital/p-12959/": "כאן diy",
  "/content/dig/digital/p-12827/": "היה היה פה ים",
  "/content/dig/digital/p-13085/": "שלמים",
  "/content/dig/digital/p-13169/": "מלאכי השביל",
  "/content/dig/digital/p-13201/": "צלפים",
  "/content/dig/digital/p-13336/": "חיי המתים",
  "/content/dig/digital/p-13545/": "זה מורכב it s complicated",
  "/content/dig/digital/p-13565/": "החיד\"א 6",
  "/content/dig/digital/p-13106/": "דייט עם תמיר",
  "/content/dig/digital/p-12914/": "המהפכה הגאה שלי",
  "/content/dig/digital/p-13529/": "כאן לשון קצרצרים",
  "/content/dig/digital/p-13437/": "כאן מחקרים",
  "/content/dig/digital/p-13429/": "המשמר המזרחי",
  "/content/dig/digital/p-13379/": "ירושלמים",
  "/content/dig/digital/p-13295/": "מחוץ למגרש",
  "/content/dig/digital/p-13279/": "עולם בעלי מלאכה עם מלך זילברשלג",
  "/content/dig/digital/p-13261/": "ימי בחירות",
  "/content/dig/digital/p-13253/": "צוחקים אתכם",
  "/content/dig/digital/p-13241/": "כאן מעורבים",
  "/content/dig/digital/p-13217/": "כאן עברית",
  "/content/dig/digital/p-13213/": "סיפור לפני השינה",
  "/content/dig/digital/p-13197/": "מחוץ לאולם",
  "/content/dig/digital/p-13181/": "שאלה אחת",
  "/content/dig/digital/p-13134/": "חברו הטוב של",
  "/content/dig/digital/p-13122/": "כאן מוקד תמיכה",
  "/content/dig/digital/p-13089/": "דרעקולה",
  "/content/dig/digital/p-13072/": "המעבדה",
  "/content/dig/digital/p-13047/": "כאן כנסת",
  "/content/dig/digital/p-13025/": "כאן אורייתא",
  "/content/dig/digital/p-386636/": "האותיות הקטנות",
  "/content/dig/digital/p-11988/": "ארון הקודש",
  "/content/dig/digital/p-12713/": "בנפשם",
  "/content/dig/digital/p-12184/": "כאן סקרנים",
  "/content/dig/digital/p-11774/": "המחלקה היהודית",
  "/content/dig/digital/p-372997/": "בינו לבינה",
  "/content/dig/digital/p-11065/": "תרגיל בחיבור",
  "/content/dig/digital/p-11685/": "דוקותיים",
  "/content/dig/digital/p-12637/": "סוף הדרך",
  "/content/dig/digital/p-365795/": "עשרים ש\"ח לראש",
  "/content/dig/digital/p-11297/": "ביקורת נוסטלגיה",
  "/content/dig/digital/p-11664/": "כאן מקשיבים",
  "/content/dig/digital/p-12058/": "מגזימות",
  "/content/dig/digital/p-11228/": "לצאת מהקופסה",
  "/content/dig/digital/p-11728/": "עושים ירוק",
  "/content/dig/digital/p-11328/": "מסיבת טבע",
  "/content/dig/digital/p-11458/": "משפחת פנסטה",
  "/content/dig/digital/p-11044/": "בואו נרגע",
  "/content/dig/digital/p-11240/": "זום IN",
  "/content/dig/digital/p-11474/": "לא מאמינים",
  "/content/dig/digital/p-12150/": "אליה שם לב לדברים",
  "/content/dig/digital/p-12180/": "חיות כיס",
  "/content/dig/digital/p-11133/": "הקאמבק",
  "/content/dig/digital/p-12420/": "שם טוב האבי",
  "/content/dig/digital/p-12435/": "שיחות מילואים",
  "/content/dig/digital/p-12479/": "כאן חיים",
  "/content/dig/digital/p-11540/": "הטרמפיסטים",
  "/content/dig/digital/p-13257/": "ילדי הכנסת",
  "/content/dig/digital/p-11384/": "הדשא של השכנה",
  "/content/dig/digital/p-12342/": "ילדי פלא",
  "/content/dig/digital/p-13272/": "תרופות סבתא",
  "/content/dig/digital/p-12806/": "מקצועות במספרים",
  "/content/dig/digital/p-13233/": "jewish קאנטרי",
  "/content/dig/digital/p-13265/": "תמיר רץ לכנסת",
  "/content/dig/digital/p-13356/": "כאן אקסטרים",
  "/content/dig/digital/p-13340/": "כאן מדע",
  "/content/dig/digital/p-13449/": "עדשות המלחמה",
  "/content/dig/digital/p-13303/": "כאן אינדי",
  "/content/dig/digital/p-13409/": "למה זה עדיין קיים",
  "/content/dig/digital/p-13533/": "בדרך למונדיאל עוצרים ברוסיה",
  "/content/dig/digital/p-13352/": "אפרו",
  "/content/dig/digital/p-12837/": "כ כא כאן מאומן",
  "/content/dig/digital/p-13311/": "אליה vs מוסקבה",
  "/content/dig/digital/p-11518/": "אבא בנבדל",
  "/content/dig/digital/p-13521/": "לפטר את המעצב",
  "/content/dig/digital/p-13367/": "ימני או שמאלני",
  "/content/dig/digital/p-13324/": "כאן היסטוריה",
  "/content/dig/digital/p-13425/": "מכירים את אלה",
  "/content/dig/digital/p-13565/": "החיד\"א 6",
  "/content/dig/digital/p-13383/": "מלך מתגייס",
  "/content/dig/digital/p-13165/": "חמושות",
  "/content/dig/digital/p-12443/": "כאן מסבירים",
  "/content/dig/digital/p-11940/": "כאן דעה",
  "/content/kids/hinuchit-main/p-378048/": "אתגר היצירה",
  "/content/kids/hinuchit-main/p-11438/": "לבד בבית",
  "/content/kids/hinuchit-main/p-11352/": "ילדי בית העץ",
  "/content/kids/hinuchit-main/p-11114/": "האחיין שלי בנץ",
  "/content/kids/hinuchit-main/p-378048/": "אוצר היצירה"
}