{
  "https://www.kan.org.il/content/kan/kan-11/p-538817/": "המזח",
  "https://www.kan.org.il/content/kan/kan-11/p-538881/": "טיול עם אבא",
  "https://www.kan.org.il/content/kan/kan-11/p-540203/": "לצלוח מלחמה ולספר",
  "https://www.kan.org.il/content/kan/kan-11/p-529814/": "האחת",
  "https://www.kan.org.il/content/kan/kan-11/p-525000/": "שלום חנוך ומתי כספי: העיקר זה השירים",
  "https://www.kan.org.il/content/kan/kan-11/p-505378/": "100 שושנים",
  "https://www.kan.org.il/content/kan/kan-11/p-11750/": "מנתחים",
  "https://www.kan.org.il/content/kan/kan-11/p-485095/": "סובייצקה",
  "https://www.kan.org.il/content/kan/kan-11/p-11062/": "הנשק הסודי של סין",
  "https://www.kan.org.il/content/kan/kan-11/p-11055/": "כת הקונספירציות",
  "https://www.kan.org.il/content/kan/kan-11/p-444766/": "הדיפלומטים",
  "https://www.kan.org.il/content/kan/kan-11/p-467866/": "טבריה - מתחת לקו האדום",
  "https://www.kan.org.il/content/kan/kan-11/p-467707/": "חצר משחקים",
  "https://www.kan.org.il/content/kan/kan-11/p-467695/": "לוד STARTUP",
  "https://www.kan.org.il/content/kan/kan-11/p-467683/": "שלמה בר",
  "https://www.kan.org.il/content/kan/kan-11/p-13332/": "העיר המוזרה שלי",
  "https://www.kan.org.il/content/kan/kan-11/p-445792/": "טייקונים",
  "https://www.kan.org.il/content/kan/kan-11/p-11694/": "חברים מופלאים",
  "https://www.kan.org.il/content/kan/kan-11/p-451328/": "בן גוריון זוכר",
  "https://www.kan.org.il/content/kan/kan-11/p-451299/": "זה רק רוקנרול",
  "https://www.kan.org.il/content/kan/kan-11/p-451290/": "מאז שנדב",
  "https://www.kan.org.il/content/kan/kan-11/p-451237/": "ארץ עיר",
  "https://www.kan.org.il/content/kan/kan-11/p-451226/": "עד סוף העולם",
  "https://www.kan.org.il/content/kan/kan-11/p-450249/": "קרבות לילה",
  "https://www.kan.org.il/content/kan/kan-11/p-450226/": "60 ימים של טלטלה",
  "https://www.kan.org.il/content/kan/kan-11/p-450204/": "ללא אדמה",
  "https://www.kan.org.il/content/kan/kan-11/p-450187/": "תמונת ניצחון",
  "https://www.kan.org.il/content/kan/kan-11/p-450108/": "טריפ של חמלה",
  "https://www.kan.org.il/content/kan/kan-11/p-445883/": "בכינו בלי דמעות",
  "https://www.kan.org.il/content/kan/kan-11/p-445872/": "הדר הכרמל",
  "https://www.kan.org.il/content/kan/kan-11/p-445863/": "הראשונים",
  "https://www.kan.org.il/content/kan/kan-11/p-445854/": "אין סנטימנטים",
  "https://www.kan.org.il/content/kan/kan-11/p-445844/": "הטיפול",
  "https://www.kan.org.il/content/kan/kan-11/p-444781/": "אש נ\"ס",
  "https://www.kan.org.il/content/kan/kan-11/p-444765/": "הצעיף האדום",
  "https://www.kan.org.il/content/kan/kan-11/p-445054/": "עשרה ימים באוקטובר",
  "https://www.kan.org.il/content/kan/kan-11/p-443618/": "הפצוע הסורי",
  "https://www.kan.org.il/content/kan/kan-11/p-443653/": "דני קרוון",
  "https://www.kan.org.il/content/kan/kan-11/p-443639/": "נוגעות בחלום",
  "https://www.kan.org.il/content/kan/kan-11/p-443630/": "קלון",
  "https://www.kan.org.il/content/kan/kan-11/p-443606/": "בעקבות ארון הברית",
  "https://www.kan.org.il/content/kan/kan-11/p-443591/": "אנצאר",
  "https://www.kan.org.il/content/kan/kan-11/p-443505/": "שני יוסי",
  "https://www.kan.org.il/content/kan/kan-11/p-443291/": "#MeToo מהפכה",
  "https://www.kan.org.il/content/kan/kan-11/p-443252/": "אהבה מתרגשת לבוא",
  "https://www.kan.org.il/content/kan/kan-11/p-443231/": "חדל להיות תושב",
  "https://www.kan.org.il/content/kan/kan-11/p-443218/": "בעז",
  "https://www.kan.org.il/content/kan/kan-11/p-443198/": "קיץ בערד",
  "https://www.kan.org.il/content/kan/kan-11/p-416860/": "חילוניות",
  "https://www.kan.org.il/content/kan/kan-11/p-13393/": "אקסטרה לייף",
  "https://www.kan.org.il/content/kan/kan-11/p-422176/": "השלג של השכן",
  "https://www.kan.org.il/content/kan/kan-11/p-421502/": "ארץ זרה",
  "https://www.kan.org.il/content/kan/kan-11/p-421559/": "הקומנדאנט",
  "https://www.kan.org.il/content/kan/kan-11/p-421472/": "שורשים באויר",
  "https://www.kan.org.il/content/kan/kan-11/p-371768/": "ארוחה של החיים",
  "https://www.kan.org.il/content/kan/kan-11/p-12346/": "העשירייה המצעד הרשמי של ישראל",
  "https://www.kan.org.il/content/kan/kan-11/p-409829/": "המדרשיה",
  "https://www.kan.org.il/content/kan/kan-11/p-394893/": "דיוקן",
  "https://www.kan.org.il/content/kan/kan-11/p-372890/": "אנה והרופא המצרי",
  "https://www.kan.org.il/content/kan/kan-11/p-372896/": "חיים בצל המוות",
  "https://www.kan.org.il/content/kan/kan-11/p-372906/": "דימונה צ'מפיונס",
  "https://www.kan.org.il/content/kan/kan-11/p-372899/": "מוטי קירשנבאום",
  "https://www.kan.org.il/content/kan/kan-11/p-372895/": "המפעיל",
  "https://www.kan.org.il/content/kan/kan-11/p-395064/": "ארבע שעות ביום",
  "https://www.kan.org.il/content/kan/kan-11/p-394880/": "לילות קיץ",
  "https://www.kan.org.il/content/kan/kan-11/p-389355/": "שישה אפסים",
  "https://www.kan.org.il/content/kan/kan-11/p-393692/": "לצאת מבוסייר",
  "https://www.kan.org.il/content/kan/kan-11/p-393683/": "הפרק האחרון של א\"ב יהושע",
  "https://www.kan.org.il/content/kan/kan-11/p-393579/": "גרוסמן",
  "https://www.kan.org.il/content/kan/kan-11/p-393359/": "מיני די וי",
  "https://www.kan.org.il/content/kan/kan-11/p-393345/": "יומנו של נאצי",
  "https://www.kan.org.il/content/kan/kan-11/p-393333/": "סאבוטז'",
  "https://www.kan.org.il/content/kan/kan-11/p-13405/": "המאה ה-21",
  "https://www.kan.org.il/content/kan/kan-11/p-13375/": "לכודים",
  "https://www.kan.org.il/content/kan/kan-11/p-13387/": "עבודת רגליים",
  "https://www.kan.org.il/content/kan/kan-11/p-11635/": "קרתגו",
  "https://www.kan.org.il/content/kan/kan-11/p-375617/": "רן ואוהדי",
  "https://www.kan.org.il/content/kan/kan-11/p-11510/": "מה שתגידו",
  "https://www.kan.org.il/content/kan/kan-11/p-12967/": "הד קולך",
  "https://www.kan.org.il/content/kan/kan-11/p-13712/": "80 וארבע",
  "https://www.kan.org.il/content/kan/kan-11/p-12955/": "סיפורים מהכורסה",
  "https://www.kan.org.il/content/kan/kan-11/p-374649/": "תזמורת המהפכה",
  "https://www.kan.org.il/content/kan/kan-11/p-13898/": "שומרי הסף",
  "https://www.kan.org.il/content/kan/kan-11/p-12412/": "מכונת המיתוסים",
  "https://www.kan.org.il/content/kan/kan-11/p-13684/": "הדבר הגדול המיוחד",
  "https://www.kan.org.il/content/kan/kan-11/p-13060/": "החנות שיש בה הכל",
  "https://www.kan.org.il/content/kan/kan-11/p-12845/": "עלומים",
  "https://www.kan.org.il/content/kan/kan-11/p-11568/": "אבירם כץ",
  "https://www.kan.org.il/content/kan/kan-11/p-327417/": "מישהו לגור איתו",
  "https://www.kan.org.il/content/kan/kan-11/p-11454/": "בשם האב",
  "https://www.kan.org.il/content/kan/kan-11/p-11486/": "פגישה עם רוני קובן",
  "https://www.kan.org.il/content/kan/kan-11/p-13815/": "תיק נעדר",
  "https://www.kan.org.il/content/kan/kan-11/p-327420/": "3 שירים",
  "https://www.kan.org.il/content/kan/kan-11/p-13081/": "חזרות",
  "https://www.kan.org.il/content/kan/kan-11/p-13077/": "מותק בול באמצע",
  "https://www.kan.org.il/content/kan/kan-11/p-13038/": "פמת\"א",
  "https://www.kan.org.il/content/kan/kan-11/p-11247/": "מלאך משחית",
  "https://www.kan.org.il/content/kan/kan-11/p-13283/": "שב/ס",
  "https://www.kan.org.il/content/kan/kan-11/p-13811/": "העברים",
  "https://www.kan.org.il/content/kan/kan-11/p-11766/": "המפקדת",
  "https://www.kan.org.il/content/kan/kan-11/p-12463/": "מהצד השני",
  "https://www.kan.org.il/content/kan/kan-11/p-13237/": "אחד על אחד",
  "https://www.kan.org.il/content/kan/kan-11/p-13291/": "שטוקהולם",
  "https://www.kan.org.il/content/kan/kan-11/p-12317/": "טהרן",
  "https://www.kan.org.il/content/kan/kan-11/p-12657/": "שעת אפס",
  "https://www.kan.org.il/content/kan/kan-11/p-13173/": "שעת נעילה",
  "https://www.kan.org.il/content/kan/kan-11/p-12816/": "טיפול זוגי",
  "https://www.kan.org.il/content/kan/kan-11/p-11944/": "מתחילים מאפס",
  "https://www.kan.org.il/content/kan/kan-11/p-13011/": "ערב עם שי שטרן",
  "https://www.kan.org.il/content/kan/kan-11/p-11606/": "קארפול קריוקי",
  "https://www.kan.org.il/content/kan/kan-11/p-11534/": "המרדף",
  "https://www.kan.org.il/content/kan/kan-11/p-327413/": "מדורות השבטים",
  "https://www.kan.org.il/content/kan/kan-11/p-12002/": "זהו זה!",
  "https://www.kan.org.il/content/kan/kan-11/p-12832/": "קופה ראשית",
  "https://www.kan.org.il/content/kan/kan-11/p-12043/": "זמן אמת",
  "https://www.kan.org.il/content/kan/kan-11/p-11372/": "הבלתי חשובים",
  "https://www.kan.org.il/content/kan/kan-11/p-13863/": "אסקייפ",
  "https://www.kan.org.il/content/kan/kan-11/p-12373/": "אגן הים התיכון",
  "https://www.kan.org.il/content/kan/kan-11/p-12645/": "סוכן תרבות",
  "https://www.kan.org.il/content/kan/kan-11/p-372893/": "סבוי",
  "https://www.kan.org.il/content/kan/kan-11/p-372892/": "40 צעדים",
  "https://www.kan.org.il/content/kan/kan-11/p-372903/": "מצרים שיר אהבה",
  "https://www.kan.org.il/content/kan/kan-11/p-372904/": "ילדי השלום",
  "https://www.kan.org.il/content/kan/kan-11/p-13161/": "שלומי שבן מארח",
  "https://www.kan.org.il/content/kan/kan-11/p-372894/": "הבחירה של ניצה",
  "https://www.kan.org.il/content/kan/kan-11/p-372891/": "אגנס קלטי לנצח את הזמן",
  "https://www.kan.org.il/content/kan/kan-11/p-13827/": "מונא",
  "https://www.kan.org.il/content/kan/kan-11/p-13783/": "דוז פואה",
  "https://www.kan.org.il/content/kan/kan-11/p-372889/": "משפט הבנקאים",
  "https://www.kan.org.il/content/kan/kan-11/p-326396/": "יומני בודפשט",
  "https://www.kan.org.il/content/kan/kan-11/p-372886/": "הפרטיזן עם מצלמת הלייקה",
  "https://www.kan.org.il/content/kan/kan-11/p-372874/": "בחזרה לצרנוביל",
  "https://www.kan.org.il/content/kan/kan-11/p-372859/": "מקווה שאני בפריים",
  "https://www.kan.org.il/content/kan/kan-11/p-372835/": "ברית המועצות - הקריסה",
  "https://www.kan.org.il/content/kan/kan-11/p-372829/": "על כסא הבמאי יושבת אישה",
  "https://www.kan.org.il/content/kan/kan-11/p-372824/": "קטאר נפט אמביציה ודם",
  "https://www.kan.org.il/content/kan/kan-11/p-372815/": "המראה של השמש",
  "https://www.kan.org.il/content/kan/kan-11/p-372810/": "דפיקה בדלת",
  "https://www.kan.org.il/content/kan/kan-11/p-372801/": "ברונקה",
  "https://www.kan.org.il/content/kan/kan-11/p-372794/": "עמוד האש בצבע",
  "https://www.kan.org.il/content/kan/kan-11/p-372773/": "רצח בקולנוע צפון",
  "https://www.kan.org.il/content/kan/kan-11/p-11408/": "כאן דוקו",
  "https://www.kan.org.il/content/kan/kan-11/p-372765/": "עוד לא אבדה",
  "https://www.kan.org.il/content/kan/kan-11/p-372746/": "מנדט לרצח",
  "https://www.kan.org.il/content/kan/kan-11/p-13855/": "נקודת מפנה",
  "https://www.kan.org.il/content/kan/kan-11/p-12255/": "אקלים לשינוי",
  "https://www.kan.org.il/content/kan/kan-11/p-336211/": "א פרייעלכן פורים",
  "https://www.kan.org.il/content/kan/kan-11/p-367807/": "אירופה זה לא מספיק",
  "https://www.kan.org.il/content/kan/kan-11/p-336209/": "17 שניות",
  "https://www.kan.org.il/content/kan/kan-11/p-336218/": "מתנחלת",
  "https://www.kan.org.il/content/kan/kan-11/p-336224/": "פרדי היקר",
  "https://www.kan.org.il/content/kan/kan-11/p-336226/": "הנאצי הטוב סיפורו של קרל פלאגה",
  "https://www.kan.org.il/content/kan/kan-11/p-336219/": "אחיות a sisters song",
  "https://www.kan.org.il/content/kan/kan-11/p-11311/": "נפיץ עם תם אהרון",
  "https://www.kan.org.il/content/kan/kan-11/p-13114/": "ארון השירים היהודי",
  "https://www.kan.org.il/content/kan/kan-11/p-13029/": "תנו לעבוד",
  "https://www.kan.org.il/content/kan/kan-11/p-14136/": "לטעות זה אנושי",
  "https://www.kan.org.il/content/kan/kan-11/p-336221/": "אישה של בית",
  "https://www.kan.org.il/content/kan/kan-11/p-336216/": "יער שחור",
  "https://www.kan.org.il/content/kan/kan-11/p-336213/": "כאן דוקו upload",
  "https://www.kan.org.il/content/kan/kan-11/p-336212/": "איזנקוט",
  "https://www.kan.org.il/content/kan/kan-11/p-13768/": "רילוקיישן",
  "https://www.kan.org.il/content/kan/kan-11/p-13042/": "טיול אחרי צבא",
  "https://www.kan.org.il/content/kan/kan-11/p-336522/": "אסתיר פניי",
  "https://www.kan.org.il/content/kan/kan-11/p-12289/": "מחברות שחורות",
  "https://www.kan.org.il/content/kan/kan-11/p-11145/": "אורות וצללים",
  "https://www.kan.org.il/content/kan/kan-11/p-13581/": "הלילה עם לוסי וגורי",
  "https://www.kan.org.il/content/kan/kan-11/p-13835/": "התסריטאי",
  "https://www.kan.org.il/content/kan/kan-11/p-12859/": "משפחה בהסעה",
  "https://www.kan.org.il/content/kan/kan-11/p-11332/": "איסט סייד",
  "https://www.kan.org.il/content/kan/kan-11/p-11901/": "יוצאים מהכלל",
  "https://www.kan.org.il/content/kan/kan-11/p-12274/": "תיק 512",
  "https://www.kan.org.il/content/kan/kan-11/p-12487/": "חידת משולם",
  "https://www.kan.org.il/content/kan/kan-11/p-13209/": "פרויקט משפחות 2021",
  "https://www.kan.org.il/content/kan/kan-11/p-13126/": "מרגלים מבית",
  "https://www.kan.org.il/content/kan/kan-11/p-13644/": "מלחמה בלי שם",
  "https://www.kan.org.il/content/kan/kan-11/p-12629/": "פסטיבל הפסנתר של תל אביב יפו",
  "https://www.kan.org.il/content/kan/kan-11/p-12169/": "סבתא בישלה עם תום יער",
  "https://www.kan.org.il/content/kan/kan-11/p-12471/": "אייכמן ההקלטות האבודות",
  "https://www.kan.org.il/content/kan/kan-11/p-336234/": "הגוטליב האחרון",
  "https://www.kan.org.il/content/kan/kan-11/p-13189/": "צל כבד",
  "https://www.kan.org.il/content/kan/kan-11/p-336231/": "רחוב העצמאות 70",
  "https://www.kan.org.il/content/kan/kan-11/p-336232/": "שברים",
  "https://www.kan.org.il/content/kan/kan-11/p-336236/": "זכרונות משפט אייכמן",
  "https://www.kan.org.il/content/kan/kan-11/p-336520/": "חיוך נצחי",
  "https://www.kan.org.il/content/kan/kan-11/p-336527/": "השיחה האחרונה",
  "https://www.kan.org.il/content/kan/kan-11/p-336528/": "שחורות",
  "https://www.kan.org.il/content/kan/kan-11/p-336228/": "הפחד לאהוב",
  "https://www.kan.org.il/content/kan/kan-11/p-13648/": "עושים לביתנו",
  "https://www.kan.org.il/content/kan/kan-11/p-13914/": "חסידיסטוק",
  "https://www.kan.org.il/content/kan/kan-11/p-13652/": "רבנו",
  "https://www.kan.org.il/content/kan/kan-11/p-12766/": "שאלה תשובה",
  "https://www.kan.org.il/content/kan/kan-11/p-12928/": "מילה של רופא",
  "https://www.kan.org.il/content/kan/kan-11/p-13728/": "מלכויות של מטה",
  "https://www.kan.org.il/content/kan/kan-11/p-13692/": "נייעס",
  "https://www.kan.org.il/content/kan/kan-11/p-13611/": "צליל מכוון",
  "https://www.kan.org.il/content/kan/kan-11/p-11232/": "אביתר בנאי האלבום הראשון",
  "https://www.kan.org.il/content/kan/kan-11/p-12013/": "המנדט",
  "https://www.kan.org.il/content/kan/kan-11/p-325427/": "המוחרם שפינוזה",
  "https://www.kan.org.il/content/kan/kan-11/p-13205/": "הפרטיזן האחרון",
  "https://www.kan.org.il/content/kan/kan-11/p-421914/": "בוכרא פי א למישמיש",
  "https://www.kan.org.il/content/kan/kan-11/p-13879/": "האיש שניסה למנוע מלחמה",
  "https://www.kan.org.il/content/kan/kan-11/p-13906/": "הסיבוב השני",
  "https://www.kan.org.il/content/kan/kan-11/p-13902/": "חיים שכדוגמתם לא ראינו מעולם",
  "https://www.kan.org.il/content/kan/kan-11/p-13886/": "הנשר הגדול",
  "https://www.kan.org.il/content/kan/kan-11/p-13890/": "הרמטכלים",
  "https://www.kan.org.il/content/kan/kan-11/p-13882/": "הצרפוקאים",
  "https://www.kan.org.il/content/kan/kan-11/p-13910/": "יחידה מעורבת אריות הירדן",
  "https://www.kan.org.il/content/kan/kan-11/p-13894/": "והארץ הייתה תוהו ובוהו",
  "https://www.kan.org.il/content/kan/kan-11/p-13628/": "שלוש היו אהבותי",
  "https://www.kan.org.il/content/kan/kan-11/p-13624/": "קול השכונה",
  "https://www.kan.org.il/content/kan/kan-11/p-13636/": "סודות משפחה",
  "https://www.kan.org.il/content/kan/kan-11/p-13640/": "שמיים בצבע אדום",
  "https://www.kan.org.il/content/kan/kan-11/p-13620/": "קונצרט עד הבית",
  "https://www.kan.org.il/content/kan/kan-11/p-13401/": "זהו זה השירים",
  "https://www.kan.org.il/content/kan/kan-11/p-13607/": "פעם בשבוע עם תם אהרון",
  "https://www.kan.org.il/content/kan/kan-11/p-13615/": "עד כאן",
  "https://www.kan.org.il/content/kan/kan-11/p-14014/": "הפוליטיקה של השומן",
  "https://www.kan.org.il/content/kan/kan-11/p-13962/": "סולו",
  "https://www.kan.org.il/content/kan/kan-11/p-13982/": "בחזרה אל הרגע",
  "https://www.kan.org.il/content/kan/kan-11/p-13958/": "אירופה לשלוש דקות",
  "https://www.kan.org.il/content/kan/kan-11/p-13974/": "המכולה",
  "https://www.kan.org.il/content/kan/kan-11/p-13970/": "הערב יהיו כאן",
  "https://www.kan.org.il/content/kan/kan-11/p-13986/": "על המשמר",
  "https://www.kan.org.il/content/kan/kan-11/p-13978/": "סוכן תרבות המהדורה היומית",
  "https://www.kan.org.il/content/kan/kan-11/p-13748/": "חכמים בלילה",
  "https://www.kan.org.il/content/kan/kan-11/p-13764/": "טיול שורשים",
  "https://www.kan.org.il/content/kan/kan-11/p-13775/": "ניפגש בלובי",
  "https://www.kan.org.il/content/kan/kan-11/p-13760/": "וואי וואי וואי",
  "https://www.kan.org.il/content/kan/kan-11/p-13779/": "מה נסגר",
  "https://www.kan.org.il/content/kan/kan-11/p-13744/": "גאולה ולונדון",
  "https://www.kan.org.il/content/kan/kan-11/p-13656/": "המהפכה הגאה",
  "https://www.kan.org.il/content/kan/kan-11/p-13668/": "קצה חוט",
  "https://www.kan.org.il/content/kan/kan-11/p-13672/": "אלי כהן: לוחם 566",
  "https://www.kan.org.il/content/kan/kan-11/p-13660/": "ארוחת ארבע",
  "https://www.kan.org.il/content/kan/kan-11/p-13664/": "עמוד האש",
  "https://www.kan.org.il/content/kan/kan-11/p-13316/": "דרום קוריאה למתקדמים",
  "https://www.kan.org.il/content/kan/kan-11/p-13307/": "קפיטליזם",
  "https://www.kan.org.il/content/kan/kan-11/p-13320/": "מאה מצולמת",
  "https://www.kan.org.il/content/kan/kan-11/p-13875/": "תפוחים מן המדבר",
  "https://www.kan.org.il/content/kan/kan-11/p-13859/": "ערב טוב אירופה לאירוויזיון 2019",
  "https://www.kan.org.il/content/kan/kan-11/p-13871/": "תקומה",
  "https://www.kan.org.il/content/kan/kan-11/p-13851/": "בין השמשות",
  "https://www.kan.org.il/content/kan/kan-11/p-13807/": "המוח מדריך למשתמש",
  "https://www.kan.org.il/content/kan/kan-11/p-13791/": "ימי בגין",
  "https://www.kan.org.il/content/kan/kan-11/p-13803/": "משתפים פעולה",
  "https://www.kan.org.il/content/kan/kan-11/p-13787/": "מעברות",
  "https://www.kan.org.il/content/kan/kan-11/p-13795/": "המתמודדים",
  "https://www.kan.org.il/content/kan/kan-11/p-13799/": "סליחה על השאלה בערבית",
  "https://www.kan.org.il/content/kan/kan-11/p-13700/": "אירוויזיון העזנו לחלום",
  "https://www.kan.org.il/content/kan/kan-11/p-13696/": "השריקה של התנועה",
  "https://www.kan.org.il/content/kan/kan-11/p-13680/": "יחסים ויראליים עם שחר חסון ויוחאי ספונדר",
  "https://www.kan.org.il/content/kan/kan-11/p-13688/": "מתיר עגונות",
  "https://www.kan.org.il/content/kan/kan-11/p-13676/": "כאן איתכם",
  "https://www.kan.org.il/content/kan/kan-11/p-13589/": "יומני היקר",
  "https://www.kan.org.il/content/kan/kan-11/p-13603/": "פשוט בבית",
  "https://www.kan.org.il/content/kan/kan-11/p-13599/": "כאן בכושר",
  "https://www.kan.org.il/content/kan/kan-11/p-13221/": "ספק סביר",
  "https://www.kan.org.il/content/kan/kan-11/p-13249/": "לבנון",
  "https://www.kan.org.il/content/kan/kan-11/p-13276/": "שופטים בשר ודם",
  "https://www.kan.org.il/content/kan/kan-11/p-13225/": "היהודי החדש",
  "https://www.kan.org.il/content/kan/kan-11/p-14214/": "זיכרון בסלון",
  "https://www.kan.org.il/content/kan/kan-11/p-14210/": "ההרצלים",
  "https://www.kan.org.il/content/kan/kan-11/p-14052/": "שטח הפקר",
  "https://www.kan.org.il/content/kan/kan-11/p-13930/": "צייד המרגלים",
  "https://www.kan.org.il/content/kan/kan-11/p-13934/": "שליחי האל",
  "https://www.kan.org.il/content/kan/kan-11/p-13922/": "לא תשקוט הארץ",
  "https://www.kan.org.il/content/kan/kan-11/p-13918/": "נישואין במשבר",
  "https://www.kan.org.il/content/kan/kan-11/p-13926/": "ירוסלם",
  "https://www.kan.org.il/content/kan/kan-11/p-13938/": "צו האופנה",
  "https://www.kan.org.il/content/kan/kan-11/p-13847/": "מתנה לחג",
  "https://www.kan.org.il/content/kan/kan-11/p-13819/": "החיים על פי דביר",
  "https://www.kan.org.il/content/kan/kan-11/p-13839/": "איפה אתה חי",
  "https://www.kan.org.il/content/kan/kan-11/p-13843/": "מכאן ומשם",
  "https://www.kan.org.il/content/kan/kan-11/p-13736/": "תוצאות האמת",
  "https://www.kan.org.il/content/kan/kan-11/p-13732/": "מעברים",
  "https://www.kan.org.il/content/kan/kan-11/p-13724/": "סטוריז",
  "https://www.kan.org.il/content/kan/kan-11/p-13708/": "אבא משתדל",
  "https://www.kan.org.il/content/kan/kan-11/p-13015/": "301 פדויים",
  "https://www.kan.org.il/content/kan/kan-11/p-12971/": "צדק צדק תרדוף",
  "https://www.kan.org.il/content/kan/kan-11/p-13110/": "הופרדו בלידתם",
  "https://www.kan.org.il/content/kan/kan-11/p-13130/": "קרוב רחוק",
  "https://www.kan.org.il/content/kan/kan-11/p-13193/": "שרון",
  "https://www.kan.org.il/content/kan/kan-11/p-13157/": "הלילה הארוך ביותר",
  "https://www.kan.org.il/content/kan/kan-11/p-13177/": "אחרי נעילה",
  "https://www.kan.org.il/content/kan/kan-11/p-13142/": "ערוץ אפס",
  "https://www.kan.org.il/content/kan/kan-11/p-12943/": "עולם קטן",
  "https://www.kan.org.il/content/kan/kan-11/p-12909/": "למה ככה",
  "https://www.kan.org.il/content/kan/kan-11/p-12883/": "מייקרז",
  "https://www.kan.org.il/content/kan/kan-11/p-12887/": "מוזות",
  "https://www.kan.org.il/content/kan/kan-11/p-12431/": "דרך המוסיקה",
  "https://www.kan.org.il/content/kan/kan-11/p-12394/": "מנאייכ",
  "https://www.kan.org.il/content/kan/kan-11/p-12447/": "אנחנו על המפית",
  "https://www.kan.org.il/content/kan/kan-11/p-12336/": "יום יום חג",
  "https://www.kan.org.il/content/kan/kan-11/p-12385/": "כאן ספיישלים",
  "https://www.kan.org.il/content/kan/kan-11/p-12229/": "תחרות ארתור רובינשטיין לפסנתר 2021",
  "https://www.kan.org.il/content/kan/kan-11/p-12154/": "טאבו",
  "https://www.kan.org.il/content/kan/kan-11/p-12236/": "שישו ושמחו",
  "https://www.kan.org.il/content/kan/kan-11/p-12210/": "אויבים",
  "https://www.kan.org.il/content/kan/kan-11/p-12124/": "נהרות הארגמן",
  "https://www.kan.org.il/content/kan/kan-11/p-12062/": "הנבחרות",
  "https://www.kan.org.il/content/kan/kan-11/p-11963/": "האחוזון העליון",
  "https://www.kan.org.il/content/kan/kan-11/p-11813/": "טיול לחמישה",
  "https://www.kan.org.il/content/kan/kan-11/p-11860/": "בלי פאניקה",
  "https://www.kan.org.il/content/kan/kan-11/p-11843/": "בואו לאכול איתי",
  "https://www.kan.org.il/content/kan/kan-11/p-12689/": "סיני",
  "https://www.kan.org.il/content/kan/kan-11/p-12721/": "נבואת קסנדרה",
  "https://www.kan.org.il/content/kan/kan-11/p-12701/": "ליגה ג",
  "https://www.kan.org.il/content/kan/kan-11/p-12661/": "הטעויות המוצלחות שלי",
  "https://www.kan.org.il/content/kan/kan-11/p-12740/": "האזרח גואטה",
  "https://www.kan.org.il/content/kan/kan-11/p-12798/": "פולארד",
  "https://www.kan.org.il/content/kan/kan-11/p-12841/": "מצב נפשי",
  "https://www.kan.org.il/content/kan/kan-11/p-12781/": "סליחה על השאלה",
  "https://www.kan.org.il/content/kan/kan-11/p-12499/": "אגדת חורבן",
  "https://www.kan.org.il/content/kan/kan-11/p-12594/": "רב הנסתר",
  "https://www.kan.org.il/content/kan/kan-11/p-12527/": "דור אחד וחצי",
  "https://www.kan.org.il/content/kan/kan-11/p-12598/": "כוכבי המדבר",
  "https://www.kan.org.il/content/kan/kan-11/p-12563/": "העתיד כבר כאן",
  "https://www.kan.org.il/content/kan/kan-11/p-12582/": "עוד ניפגש",
  "https://www.kan.org.il/content/kan/kan-11/p-12614/": "היהודים באים",
  "https://www.kan.org.il/content/kan/kan-11/p-13998/": "פרשת דרכים",
  "https://www.kan.org.il/content/kan/kan-11/p-13954/": "מועדון תרבות",
  "https://www.kan.org.il/content/dig/digital/p-535570/": "מעבר לקשת",
  "https://www.kan.org.il/content/dig/digital/p-530891/": "טעם של פעם",
  "https://www.kan.org.il/content/dig/digital/p-521039/": "הנוסע המתמיד",
  "https://www.kan.org.il/content/dig/digital/p-508305/": "משוגעת על אקלים",
  "https://www.kan.org.il/content/dig/digital/p-504933/": "ילדי אוסלו",
  "https://www.kan.org.il/content/dig/digital/p-481664/": "לשכת פיוס",
  "https://www.kan.org.il/content/dig/digital/p-457431/": "אבא מסביר",
  "https://www.kan.org.il/content/dig/digital/ofirspov/": "החיים ע\"פ אופיר",
  "https://www.kan.org.il/content/dig/digital/thought/": "מחשבות",
  "https://www.kan.org.il/content/dig/digital/listening/": "כאן מקשיבים",
  "https://www.kan.org.il/content/dig/digital/docotaim/": "דוקותיים",
  "https://www.kan.org.il/content/dig/digital/p-421396/": "תעשו מקום",
  "https://www.kan.org.il/content/dig/digital/p-419867/": "שם קוד",
  "https://www.kan.org.il/content/dig/digital/p-13033/": "זוגות",
  "https://www.kan.org.il/content/dig/digital/p-13287/": "מאיר את היום",
  "https://www.kan.org.il/content/dig/digital/p-13561/": "כאן ערבית",
  "https://www.kan.org.il/content/dig/digital/p-11580/": "קצר על קטאר",
  "https://www.kan.org.il/content/dig/digital/p-12901/": "כאן ARB",
  "https://www.kan.org.il/content/dig/digital/p-12919/": "מבודדים",
  "https://www.kan.org.il/content/dig/digital/p-11153/": "שלושה צעדים",
  "https://www.kan.org.il/content/dig/digital/p-12855/": "חוות החופש",
  "https://www.kan.org.il/content/dig/digital/p-12495/": "סינדרום פיינגולד",
  "https://www.kan.org.il/content/dig/digital/p-13094/": "מטיילים בישראל traveling israel",
  "https://www.kan.org.il/content/dig/digital/dr-tili/": "דוקטור תילי",
  "https://www.kan.org.il/content/dig/digital/p-13149/": "upload",
  "https://www.kan.org.il/content/dig/digital/p-13153/": "המדור לחיפוש קרובים",
  "https://www.kan.org.il/content/dig/digital/p-12245/": "כאן מכירים",
  "https://www.kan.org.il/content/dig/digital/p-13229/": "כאן שיר",
  "https://www.kan.org.il/content/dig/digital/p-12951/": "ג'ואיש מילניאלס",
  "https://www.kan.org.il/content/dig/digital/p-11494/": "קול התור",
  "https://www.kan.org.il/content/dig/digital/p-12774/": "אליה מסביר דברים בעזרת צעצועים",
  "https://www.kan.org.il/content/dig/digital/p-12933/": "800 בפסיכומטרי",
  "https://www.kan.org.il/content/dig/digital/p-13019/": "כאן תש\"ח",
  "https://www.kan.org.il/content/dig/digital/p-13269/": "התמודדות",
  "https://www.kan.org.il/content/dig/digital/p-13138/": "אהוד והפסיכולוג",
  "https://www.kan.org.il/content/dig/digital/p-11972/": "לוחמים",
  "https://www.kan.org.il/content/dig/digital/p-13102/": "כאן מציינים",
  "https://www.kan.org.il/content/dig/digital/p-13118/": "הפינה של מלך",
  "https://www.kan.org.il/content/dig/digital/p-13068/": "הילדים של כאן",
  "https://www.kan.org.il/content/dig/digital/p-13007/": "סתיו בננת הבטיחות",
  "https://www.kan.org.il/content/dig/digital/p-12999/": "כאן עתידות",
  "https://www.kan.org.il/content/dig/digital/p-12995/": "סודות הבנים",
  "https://www.kan.org.il/content/dig/digital/p-12991/": "הכל סביבה",
  "https://www.kan.org.il/content/dig/digital/p-12984/": "כאן סין",
  "https://www.kan.org.il/content/dig/digital/p-12975/": "יום סידורים עם תמיר",
  "https://www.kan.org.il/content/dig/digital/p-12937/": "בר סמכא",
  "https://www.kan.org.il/content/dig/digital/p-12891/": "הנוער של היום",
  "https://www.kan.org.il/content/dig/digital/p-12879/": "ריחן מוצב המוות",
  "https://www.kan.org.il/content/dig/digital/p-12867/": "זה אמיתי?",
  "https://www.kan.org.il/content/dig/digital/p-12849/": "כאן פיוט",
  "https://www.kan.org.il/content/dig/digital/p-12812/": "אסתי בשטח",
  "https://www.kan.org.il/content/dig/digital/p-12785/": "מונולוגים",
  "https://www.kan.org.il/content/dig/digital/p-12762/": "מדעי החיים",
  "https://www.kan.org.il/content/dig/digital/p-12748/": "התמודדות",
  "https://www.kan.org.il/content/dig/digital/p-12724/": "כאן קורונה",
  "https://www.kan.org.il/content/dig/digital/p-12717/": "הספינרים",
  "https://www.kan.org.il/content/dig/digital/p-12693/": "מדינת ירושלים",
  "https://www.kan.org.il/content/dig/digital/p-12677/": "להישאר במשחק",
  "https://www.kan.org.il/content/dig/digital/p-12665/": "מה קרה עם זה בסוף?",
  "https://www.kan.org.il/content/dig/digital/p-12649/": "כאן יציאה",
  "https://www.kan.org.il/content/dig/digital/p-12625/": "מדע הבחירות",
  "https://www.kan.org.il/content/dig/digital/p-12621/": "אבא לארבע",
  "https://www.kan.org.il/content/dig/digital/p-12602/": "על הגוף",
  "https://www.kan.org.il/content/dig/digital/p-12590/": "לאבד את הדרום",
  "https://www.kan.org.il/content/dig/digital/p-12575/": "העצמאים",
  "https://www.kan.org.il/content/dig/digital/p-12559/": "כאן לרגע",
  "https://www.kan.org.il/content/dig/digital/p-12555/": "בלי עין הרע",
  "https://www.kan.org.il/content/dig/digital/p-12523/": "עובר על החוק",
  "https://www.kan.org.il/content/dig/digital/p-12519/": "בדרך לטוקיו",
  "https://www.kan.org.il/content/dig/digital/p-12491/": "החיים הטובים",
  "https://www.kan.org.il/content/dig/digital/p-12459/": "תעלומות",
  "https://www.kan.org.il/content/dig/digital/p-12405/": "#AMINORMAL",
  "https://www.kan.org.il/content/dig/digital/p-12381/": "פגום",
  "https://www.kan.org.il/content/dig/digital/p-12361/": "תוצרת ישראל",
  "https://www.kan.org.il/content/dig/digital/p-12221/": "לשדוד את סבתא",
  "https://www.kan.org.il/content/dig/digital/p-12201/": "כאן חסכנים",
  "https://www.kan.org.il/content/dig/digital/p-12136/": "מה לא בסדר איתי?",
  "https://www.kan.org.il/content/dig/digital/p-12097/": "הדיקטטורים",
  "https://www.kan.org.il/content/dig/digital/p-12090/": "יקומות",
  "https://www.kan.org.il/content/dig/digital/p-12036/": "מהגר אקלים",
  "https://www.kan.org.il/content/dig/digital/p-12008/": "ספר המדבר",
  "https://www.kan.org.il/content/dig/digital/p-11913/": "מדע הכדורגל",
  "https://www.kan.org.il/content/dig/digital/p-11890/": "היינו פה",
  "https://www.kan.org.il/content/dig/digital/p-11852/": "בשביל הסיפור",
  "https://www.kan.org.il/content/dig/digital/p-11838/": "כאן מציקים",
  "https://www.kan.org.il/content/dig/digital/p-11805/": "בגלוי",
  "https://www.kan.org.il/content/dig/digital/p-11739/": "סליחות",
  "https://www.kan.org.il/content/dig/digital/p-11631/": "הנבחרת של דניאל חן",
  "https://www.kan.org.il/content/dig/digital/p-11412/": "עוד מכאן",
  "https://www.kan.org.il/content/dig/digital/p-13585/": "אוטובוס הסרטים",
  "https://www.kan.org.il/content/dig/digital/p-13573/": "כאן ציזבטים",
  "https://www.kan.org.il/content/dig/digital/p-13549/": "תהילים",
  "https://www.kan.org.il/content/dig/digital/p-13185/": "פני זקן",
  "https://www.kan.org.il/content/dig/digital/p-13052/": "כאן גרביים",
  "https://www.kan.org.il/content/dig/digital/p-12959/": "כאן diy",
  "https://www.kan.org.il/content/dig/digital/p-12827/": "היה היה פה ים",
  "https://www.kan.org.il/content/dig/digital/p-13085/": "שלמים",
  "https://www.kan.org.il/content/dig/digital/p-13169/": "מלאכי השביל",
  "https://www.kan.org.il/content/dig/digital/p-13201/": "צלפים",
  "https://www.kan.org.il/content/dig/digital/p-13336/": "חיי המתים",
  "https://www.kan.org.il/content/dig/digital/p-13545/": "זה מורכב it s complicated",
  "https://www.kan.org.il/content/dig/digital/p-13565/": "החיד\"א 6",
  "https://www.kan.org.il/content/dig/digital/p-13106/": "דייט עם תמיר",
  "https://www.kan.org.il/content/dig/digital/p-12914/": "המהפכה הגאה שלי",
  "https://www.kan.org.il/content/dig/digital/p-13529/": "כאן לשון קצרצרים",
  "https://www.kan.org.il/content/dig/digital/p-13437/": "כאן מחקרים",
  "https://www.kan.org.il/content/dig/digital/p-13429/": "המשמר המזרחי",
  "https://www.kan.org.il/content/dig/digital/p-13379/": "ירושלמים",
  "https://www.kan.org.il/content/dig/digital/p-13295/": "מחוץ למגרש",
  "https://www.kan.org.il/content/dig/digital/p-13279/": "עולם בעלי מלאכה עם מלך זילברשלג",
  "https://www.kan.org.il/content/dig/digital/p-13261/": "ימי בחירות",
  "https://www.kan.org.il/content/dig/digital/p-13253/": "צוחקים אתכם",
  "https://www.kan.org.il/content/dig/digital/p-13241/": "כאן מעורבים",
  "https://www.kan.org.il/content/dig/digital/p-13217/": "כאן עברית",
  "https://www.kan.org.il/content/dig/digital/p-13213/": "סיפור לפני השינה",
  "https://www.kan.org.il/content/dig/digital/p-13197/": "מחוץ לאולם",
  "https://www.kan.org.il/content/dig/digital/p-13181/": "שאלה אחת",
  "https://www.kan.org.il/content/dig/digital/p-13134/": "חברו הטוב של",
  "https://www.kan.org.il/content/dig/digital/p-13122/": "כאן מוקד תמיכה",
  "https://www.kan.org.il/content/dig/digital/p-13089/": "דרעקולה",
  "https://www.kan.org.il/content/dig/digital/p-13072/": "המעבדה",
  "https://www.kan.org.il/content/dig/digital/p-13047/": "כאן כנסת",
  "https://www.kan.org.il/content/dig/digital/p-13025/": "כאן אורייתא",
  "https://www.kan.org.il/content/dig/digital/p-386636/": "האותיות הקטנות",
  "https://www.kan.org.il/content/dig/digital/p-11988/": "ארון הקודש",
  "https://www.kan.org.il/content/dig/digital/p-12713/": "בנפשם",
  "https://www.kan.org.il/content/dig/digital/p-12184/": "כאן סקרנים",
  "https://www.kan.org.il/content/dig/digital/p-11774/": "המחלקה היהודית",
  "https://www.kan.org.il/content/dig/digital/p-372997/": "בינו לבינה",
  "https://www.kan.org.il/content/dig/digital/p-11065/": "תרגיל בחיבור",
  "https://www.kan.org.il/content/dig/digital/p-11685/": "דוקותיים",
  "https://www.kan.org.il/content/dig/digital/p-12637/": "סוף הדרך",
  "https://www.kan.org.il/content/dig/digital/p-365795/": "עשרים ש\"ח לראש",
  "https://www.kan.org.il/content/dig/digital/p-11297/": "ביקורת נוסטלגיה",
  "https://www.kan.org.il/content/dig/digital/p-11664/": "כאן מקשיבים",
  "https://www.kan.org.il/content/dig/digital/p-12058/": "מגזימות",
  "https://www.kan.org.il/content/dig/digital/p-11228/": "לצאת מהקופסה",
  "https://www.kan.org.il/content/dig/digital/p-11728/": "עושים ירוק",
  "https://www.kan.org.il/content/dig/digital/p-11328/": "מסיבת טבע",
  "https://www.kan.org.il/content/dig/digital/p-11458/": "משפחת פנסטה",
  "https://www.kan.org.il/content/dig/digital/p-11044/": "בואו נרגע",
  "https://www.kan.org.il/content/dig/digital/p-11240/": "זום IN",
  "https://www.kan.org.il/content/dig/digital/p-11474/": "לא מאמינים",
  "https://www.kan.org.il/content/dig/digital/p-12150/": "אליה שם לב לדברים",
  "https://www.kan.org.il/content/dig/digital/p-12180/": "חיות כיס",
  "https://www.kan.org.il/content/dig/digital/p-11133/": "הקאמבק",
  "https://www.kan.org.il/content/dig/digital/p-12420/": "שם טוב האבי",
  "https://www.kan.org.il/content/dig/digital/p-12435/": "שיחות מילואים",
  "https://www.kan.org.il/content/dig/digital/p-12479/": "כאן חיים",
  "https://www.kan.org.il/content/dig/digital/p-11540/": "הטרמפיסטים",
  "https://www.kan.org.il/content/dig/digital/p-13257/": "ילדי הכנסת",
  "https://www.kan.org.il/content/dig/digital/p-11384/": "הדשא של השכנה",
  "https://www.kan.org.il/content/dig/digital/p-12342/": "ילדי פלא",
  "https://www.kan.org.il/content/dig/digital/p-13272/": "תרופות סבתא",
  "https://www.kan.org.il/content/dig/digital/p-12806/": "מקצועות במספרים",
  "https://www.kan.org.il/content/dig/digital/p-13233/": "קאנטרי jewish",
  "https://www.kan.org.il/content/dig/digital/p-13265/": "תמיר רץ לכנסת",
  "https://www.kan.org.il/content/dig/digital/p-13356/": "כאן אקסטרים",
  "https://www.kan.org.il/content/dig/digital/p-13340/": "כאן מדע",
  "https://www.kan.org.il/content/dig/digital/p-13449/": "עדשות המלחמה",
  "https://www.kan.org.il/content/dig/digital/p-13303/": "כאן אינדי",
  "https://www.kan.org.il/content/dig/digital/p-13409/": "למה זה עדיין קיים",
  "https://www.kan.org.il/content/dig/digital/p-13533/": "בדרך למונדיאל עוצרים ברוסיה",
  "https://www.kan.org.il/content/dig/digital/p-13352/": "אפרו",
  "https://www.kan.org.il/content/dig/digital/p-12837/": "כ כא כאן מאומן",
  "https://www.kan.org.il/content/dig/digital/p-13311/": "אליה vs מוסקבה",
  "https://www.kan.org.il/content/dig/digital/p-11518/": "אבא בנבדל",
  "https://www.kan.org.il/content/dig/digital/p-13521/": "לפטר את המעצב",
  "https://www.kan.org.il/content/dig/digital/p-13367/": "ימני או שמאלני",
  "https://www.kan.org.il/content/dig/digital/p-13324/": "כאן היסטוריה",
  "https://www.kan.org.il/content/dig/digital/p-13425/": "מכירים את אלה",
  "https://www.kan.org.il/content/dig/digital/p-13565/": "החיד\"א 6",
  "https://www.kan.org.il/content/dig/digital/p-13383/": "מלך מתגייס",
  "https://www.kan.org.il/content/dig/digital/p-13165/": "חמושות",
  "https://www.kan.org.il/content/dig/digital/p-12443/": "כאן מסבירים",
  "https://www.kan.org.il/content/dig/digital/p-11940/": "כאן דעה",
  "https://www.kankids.org.il/content/kids/hinuchit-main/malon_hotel/": "מלון הוטל",
  "https://www.kankids.org.il/content/kids/hinuchit-main/nephew_bentz-main/": "האחיין שלי בנץ",
  "https://www.kankids.org.il/content/kids/hinuchit-main/tree_house_kids/": "ילדי בית העץ",
  "https://www.kankids.org.il/content/kids/hinuchit-main/crafts_challenge/": "אתגר היצירה",
  "https://www.kankids.org.il/content/kids/hinuchit-main/p-11865/": "חקירות קטנות",
  "https://www.kankids.org.il/content/kids/hinuchit-main/p-11530/": "האולפן שלי בנץ",
  "https://www.kankids.org.il/content/kids/hinuchit-main/p-11627/": "מקיף מילאנו",
  "https://www.kankids.org.il/content/kids/hinuchit-main/p-11681/": "סליחה על השאלה ילדים",
  "https://www.kankids.org.il/content/kids/hinuchit-main/p-11049/": "מסע לפולין",
  "https://www.kankids.org.il/content/kids/hinuchit-main/madrase_main/": "מדרסה",
  "https://www.kankids.org.il/content/kids/hinuchit-main/p-11785/": "הבאר",
  "https://www.kankids.org.il/content/kids/hinuchit-main/p-12610/": "כאן ואומן",
  "https://www.kankids.org.il/content/kids/hinuchit-main/p-12567/": "חיות במה צוחקות",
  "https://www.kankids.org.il/content/kids/hinuchit-main/p-12633/": "10 עובדות על",
  "https://www.kankids.org.il/content/kids/hinuchit-main/p-12673/": "בחירות בחינוכית",
  "https://www.kankids.org.il/content/kids/hinuchit-main/p-12744/": "מה הדיבור",
  "https://www.kankids.org.il/content/kids/hinuchit-main/p-12535/": "מתויגים",
  "https://www.kankids.org.il/content/kids/hinuchit-main/p-12507/": "רק בהצבעה",
  "https://www.kankids.org.il/content/kids/hinuchit-main/p-12390/": "חיות רשת",
  "https://www.kankids.org.il/content/kids/hinuchit-main/p-12483/": "מתחת לעור",
  "https://www.kankids.org.il/content/kids/hinuchit-main/p-12451/": "האוצר שלנו",
  "https://www.kankids.org.il/content/kids/hinuchit-main/p-12606/": "חיות מסך",
  "https://www.kankids.org.il/content/kids/hinuchit-main/p-12078/": "מקס המדען",
  "https://www.kankids.org.il/content/kids/hinuchit-main/p-12653/": "תריץ אחורה",
  "https://www.kankids.org.il/content/kids/hinuchit-main/p-12571/": "חיות במה בהופעה",
  "https://www.kankids.org.il/content/kids/hinuchit-main/p-12586/": "חיות במה יוצרות",
  "https://www.kankids.org.il/content/kids/hinuchit-main/p-12324/": "השופטת ליטל",
  "https://www.kankids.org.il/content/kids/hinuchit-main/p-12669/": "הפסקת אוכל",
  "https://www.kankids.org.il/content/kids/hinuchit-main/area_25-main/": "המתחם ה 25",
  "https://www.kankids.org.il/content/kids/hinuchit-main/p-12515/": "המחלקה לחפצים מיוחדים",
  "https://www.kankids.org.il/content/kids/hinuchit-main/p-12308/": "החפרנים",
  "https://www.kankids.org.il/content/kids/hinuchit-main/p-12697/": "בין השורות",
  "https://www.kankids.org.il/content/kids/hinuchit-main/p-12752/": "פרויקט אפסילון",
  "https://www.kankids.org.il/content/kids/hinuchit-main/p-12641/": "אחת שיודעת",
  "https://www.kankids.org.il/content/kids/hinuchit-main/p-12050/": "אבודים בריבוע",
  "https://www.kankids.org.il/content/kids/hinuchit-main/p-12017/": "אתגר הצבע",
  "https://www.kankids.org.il/content/kids/hinuchit-main/p-11955/": "שוסטר ושוסטר",
  "https://www.kankids.org.il/content/kids/hinuchit-main/p-11999/": "חיות שטח",
  "https://www.kankids.org.il/content/kids/hinuchit-main/p-11948/": "משחקי המוח",
  "https://www.kankids.org.il/content/kids/hinuchit-main/p-11917/": "גלילאו",
  "https://www.kankids.org.il/content/kids/hinuchit-main/p-11416/": "להציל את חיות הבר",
  "https://www.kankids.org.il/content/kids/hinuchit-main/p-11885/": "מי פה הבוס",
  "https://www.kankids.org.il/content/kids/hinuchit-main/p-11826/": "בלוגה בלוז",
  "https://www.kankids.org.il/content/kids/hinuchit-main/on_our_own/": "לבד בבית",
  "https://www.kankids.org.il/content/kids/hinuchit-main/p-11716/": "מהצד שלנו",
  "https://www.kankids.org.il/content/kids/hinuchit-main/p-11168/": "כל עוד בלבב",
  "https://www.kankids.org.il/content/kids/hinuchit-main/p-11470/": "למה זה טוב?",
  "https://www.kankids.org.il/content/kids/hinuchit-main/shakshuka/": "שקשוקה",
  "https://www.kankids.org.il/content/kids/hinuchit-main/cramel_main/": "כראמל",
  "https://www.kankids.org.il/content/kids/hinuchit-main/shelly_koveshet-main/": "שלי הכובשת",
  "https://www.kankids.org.il/content/kids/hinuchit-main/p-11262/": "השמרטפים",
  "https://www.kankids.org.il/content/kids/hinuchit-main/p-11561/": "מיוחדת"
}