{
  "/content/kan/kan-11/375617/": "375617",
  "/content/kan/kan-11/11510/": "מה שתגידו",
  "/content/kan/kan-11/12967/": "הד קולך",
  "/content/kan/kan-11/13712/": "80 וארבע",
  "/content/kan/kan-11/12955/": "סיפורים מהכורסה",
  "/content/kan/kan-11/374649/": "תזמורת המהפכה",
  "/content/kan/kan-11/13898/": "שומרי הסף",
  "/content/kan/kan-11/12412/": "מכונת המיתוסים",
  "/content/kan/kan-11/13684/": "הדבר הגדול המיוחד",
  "/content/kan/kan-11/13060/": "החנות שיש בה הכל",
  "/content/kan/kan-11/12845/": "עלומים",
  "/content/kan/kan-11/11568/": "אבירם כץ",
  "/content/kan/kan-11/327417/": "מישהו לגור איתו",
  "/content/kan/kan-11/11454/": "בשם האב",
  "/content/kan/kan-11/11486/": "פגישה עם רוני קובן",
  "/content/kan/kan-11/13815/": "תיק נעדר",
  "/content/kan/kan-11/327420/": "3 שירים",
  "/content/kan/kan-11/13081/": "חזרות",
  "/content/kan/kan-11/13077/": "מותק בול באמצע",
  "/content/kan/kan-11/13038/": "פמת\"א",
  "/content/kan/kan-11/11247/": "מלאך משחית",
  "/content/kan/kan-11/13283/": "שב/ס",
  "/content/kan/kan-11/13811/": "העברים",
  "/content/kan/kan-11/11766/": "המפקדת",
  "/content/kan/kan-11/12463/": "מהצד השני",
  "/content/kan/kan-11/13237/": "אחד על אחד",
  "/content/kan/kan-11/13291/": "שטוקהולם",
  "/content/kan/kan-11/12317/": "טהרן",
  "/content/kan/kan-11/12657/": "שעת אפס",
  "/content/kan/kan-11/13173/": "שעת נעילה",
  "/content/kan/kan-11/12816/": "טיפול זוגי",
  "/content/kan/kan-11/11944/": "מתחילים מאפס",
  "/content/kan/kan-11/13011/": "ערב עם שי שטרן",
  "/content/kan/kan-11/11606/": "קארפול קריוקי",
  "/content/kan/kan-11/11534/": "המרדף",
  "/content/kan/kan-11/327413/": "מדורות השבטים",
  "/content/kan/kan-11/12002/": "זהו זה!",
  "/content/kan/kan-11/12832/": "קופה ראשית",
  "/content/kan/kan-11/12043/": "זמן אמת",
  "/content/kan/kan-11/11372/": "הבלתי חשובים",
  "/content/dig/digital/386636/": "האותיות הקטנות",
  "/content/dig/digital/11988/": "ארון הקודש",
  "/content/dig/digital/12713/": "בנפשם",
  "/content/dig/digital/12184/": "כאן סקרנים",
  "/content/dig/digital/11774/": "המחלקה היהודית",
  "/content/dig/digital/372997/": "בינו לבינה",
  "/content/dig/digital/11065/": "תרגיל בחיבור",
  "/content/dig/digital/11685/": "דוקותיים",
  "/content/dig/digital/12637/": "סוף הדרך",
  "/content/dig/digital/365795/": "עשרים ש\"ח לראש",
  "/content/dig/digital/11297/": "ביקורת נוסטלגיה",
  "/content/dig/digital/11664/": "כאן מקשיבים",
  "/content/dig/digital/12058/": "מגזימות",
  "/content/dig/digital/11228/": "לצאת מהקופסה",
  "/content/dig/digital/11728/": "עושים ירוק",
  "/content/dig/digital/11328/": "מסיבת טבע",
  "/content/dig/digital/11458/": "משפחת פנסטה",
  "/content/dig/digital/11044/": "בואו נרגע",
  "/content/dig/digital/11240/": "זום IN",
  "/content/dig/digital/11474/": "לא מאמינים",
  "/content/dig/digital/12150/": "אליה שם לב לדברים",
  "/content/dig/digital/12180/": "חיות כיס",
  "/content/dig/digital/11133/": "הקאמבק",
  "/content/dig/digital/12420/": "שם טוב האבי",
  "/content/dig/digital/12435/": "שיחות מילואים",
  "/content/dig/digital/12479/": "כאן חיים",
  "/content/dig/digital/11540/": "הטרמפיסטים",
  "/content/dig/digital/11518/": "אבא בנבדל",
  "/content/dig/digital/13521/": "לפטר את המעצב",
  "/content/dig/digital/13367/": "ימני או שמאלני",
  "/content/dig/digital/13324/": "כאן היסטוריה",
  "/content/dig/digital/13425/": "מכירים את אלה",
  "/content/dig/digital/13565/": "החיד\"א 6",
  "/content/dig/digital/13383/": "מלך מתגייס",
  "/content/dig/digital/13165/": "חמושות",
  "/content/dig/digital/12443/": "כאן מסבירים",
  "/content/dig/digital/11940/": "כאן דעה",
  "/content/kids/hinuchit-main/11352/": "ילדי בית העץ",
  "/content/kids/hinuchit-main/11114/": "האחיין שלי בנץ",
  "/content/kids/hinuchit-main/378048/": "אוצר היצירה"
}