{
  "/content/kan/kan-11/389355/": "שישה אפסים",
  "/content/kan/kan-11/393692/": "לצאת מבוסייר",
  "/content/kan/kan-11/393683/": "הפרק האחרון של א\"ב יהושע",
  "/content/kan/kan-11/393579/": "גרוסמן",
  "/content/kan/kan-11/393359/": "מיני די וי",
  "/content/kan/kan-11/393345/": "יומנו של נאצי",
  "/content/kan/kan-11/393333/": "סאבוטז'",
  "/content/kan/kan-11/13405/": "המאה ה-21",
  "/content/kan/kan-11/13375/": "לכודים",
  "/content/kan/kan-11/11635/": "קרתגו",
  "/content/kan/kan-11/375617/": "רן ואוהדי",
  "/content/kan/kan-11/11510/": "מה שתגידו",
  "/content/kan/kan-11/12967/": "הד קולך",
  "/content/kan/kan-11/13712/": "80 וארבע",
  "/content/kan/kan-11/12955/": "סיפורים מהכורסה",
  "/content/kan/kan-11/374649/": "תזמורת המהפכה",
  "/content/kan/kan-11/13898/": "שומרי הסף",
  "/content/kan/kan-11/12412/": "מכונת המיתוסים",
  "/content/kan/kan-11/13684/": "הדבר הגדול המיוחד",
  "/content/kan/kan-11/13060/": "החנות שיש בה הכל",
  "/content/kan/kan-11/12845/": "עלומים",
  "/content/kan/kan-11/11568/": "אבירם כץ",
  "/content/kan/kan-11/327417/": "מישהו לגור איתו",
  "/content/kan/kan-11/11454/": "בשם האב",
  "/content/kan/kan-11/11486/": "פגישה עם רוני קובן",
  "/content/kan/kan-11/13815/": "תיק נעדר",
  "/content/kan/kan-11/327420/": "3 שירים",
  "/content/kan/kan-11/13081/": "חזרות",
  "/content/kan/kan-11/13077/": "מותק בול באמצע",
  "/content/kan/kan-11/13038/": "פמת\"א",
  "/content/kan/kan-11/11247/": "מלאך משחית",
  "/content/kan/kan-11/13283/": "שב/ס",
  "/content/kan/kan-11/13811/": "העברים",
  "/content/kan/kan-11/11766/": "המפקדת",
  "/content/kan/kan-11/12463/": "מהצד השני",
  "/content/kan/kan-11/13237/": "אחד על אחד",
  "/content/kan/kan-11/13291/": "שטוקהולם",
  "/content/kan/kan-11/12317/": "טהרן",
  "/content/kan/kan-11/12657/": "שעת אפס",
  "/content/kan/kan-11/13173/": "שעת נעילה",
  "/content/kan/kan-11/12816/": "טיפול זוגי",
  "/content/kan/kan-11/11944/": "מתחילים מאפס",
  "/content/kan/kan-11/13011/": "ערב עם שי שטרן",
  "/content/kan/kan-11/11606/": "קארפול קריוקי",
  "/content/kan/kan-11/11534/": "המרדף",
  "/content/kan/kan-11/327413/": "מדורות השבטים",
  "/content/kan/kan-11/12002/": "זהו זה!",
  "/content/kan/kan-11/12832/": "קופה ראשית",
  "/content/kan/kan-11/12043/": "זמן אמת",
  "/content/kan/kan-11/11372/": "הבלתי חשובים",
  "/content/dig/digital/13106/": "דייט עם תמיר",
  "/content/dig/digital/12914/": "המהפכה הגאה שלי",
  "/content/dig/digital/13529/": "כאן לשון קצרצרים",
  "/content/dig/digital/13437/": "כאן מחקרים",
  "/content/dig/digital/13429/": "המשמר המזרחי",
  "/content/dig/digital/13379/": "ירושלמים",
  "/content/dig/digital/13295/": "מחוץ למגרש",
  "/content/dig/digital/13279/": "עולם בעלי מלאכה עם מלך זילברשלג",
  "/content/dig/digital/13261/": "ימי בחירות",
  "/content/dig/digital/13253/": "צוחקים אתכם",
  "/content/dig/digital/13241/": "כאן מעורבים",
  "/content/dig/digital/13217/": "כאן עברית",
  "/content/dig/digital/13213/": "סיפור לפני השינה",
  "/content/dig/digital/13197/": "מחוץ לאולם",
  "/content/dig/digital/13181/": "שאלה אחת",
  "/content/dig/digital/13134/": "חברו הטוב של",
  "/content/dig/digital/13122/": "כאן מוקד תמיכה",
  "/content/dig/digital/13089/": "דרעקולה",
  "/content/dig/digital/13072/": "המעבדה",
  "/content/dig/digital/13047/": "כאן כנסת",
  "/content/dig/digital/13025/": "כאן אורייתא",
  "/content/dig/digital/386636/": "האותיות הקטנות",
  "/content/dig/digital/11988/": "ארון הקודש",
  "/content/dig/digital/12713/": "בנפשם",
  "/content/dig/digital/12184/": "כאן סקרנים",
  "/content/dig/digital/11774/": "המחלקה היהודית",
  "/content/dig/digital/372997/": "בינו לבינה",
  "/content/dig/digital/11065/": "תרגיל בחיבור",
  "/content/dig/digital/11685/": "דוקותיים",
  "/content/dig/digital/12637/": "סוף הדרך",
  "/content/dig/digital/365795/": "עשרים ש\"ח לראש",
  "/content/dig/digital/11297/": "ביקורת נוסטלגיה",
  "/content/dig/digital/11664/": "כאן מקשיבים",
  "/content/dig/digital/12058/": "מגזימות",
  "/content/dig/digital/11228/": "לצאת מהקופסה",
  "/content/dig/digital/11728/": "עושים ירוק",
  "/content/dig/digital/11328/": "מסיבת טבע",
  "/content/dig/digital/11458/": "משפחת פנסטה",
  "/content/dig/digital/11044/": "בואו נרגע",
  "/content/dig/digital/11240/": "זום IN",
  "/content/dig/digital/11474/": "לא מאמינים",
  "/content/dig/digital/12150/": "אליה שם לב לדברים",
  "/content/dig/digital/12180/": "חיות כיס",
  "/content/dig/digital/11133/": "הקאמבק",
  "/content/dig/digital/12420/": "שם טוב האבי",
  "/content/dig/digital/12435/": "שיחות מילואים",
  "/content/dig/digital/12479/": "כאן חיים",
  "/content/dig/digital/11540/": "הטרמפיסטים",
  "/content/dig/digital/13257/": "ילדי הכנסת",
  "/content/dig/digital/11384/": "הדשא של השכנה",
  "/content/dig/digital/12342/": "ילדי פלא",
  "/content/dig/digital/13272/": "תרופות סבתא",
  "/content/dig/digital/12806/": "מקצועות במספרים",
  "/content/dig/digital/13233/": "jewish קאנטרי",
  "/content/dig/digital/13265/": "תמיר רץ לכנסת",
  "/content/dig/digital/13356/": "כאן אקסטרים",
  "/content/dig/digital/13340/": "כאן מדע",
  "/content/dig/digital/13449/": "עדשות המלחמה",
  "/content/dig/digital/13303/": "כאן אינדי",
  "/content/dig/digital/13409/": "למה זה עדיין קיים",
  "/content/dig/digital/13533/": "בדרך למונדיאל עוצרים ברוסיה",
  "/content/dig/digital/13352/": "אפרו",
  "/content/dig/digital/12837/": "כ כא כאן מאומן",
  "/content/dig/digital/13311/": "אליה vs מוסקבה",
  "/content/dig/digital/11518/": "אבא בנבדל",
  "/content/dig/digital/13521/": "לפטר את המעצב",
  "/content/dig/digital/13367/": "ימני או שמאלני",
  "/content/dig/digital/13324/": "כאן היסטוריה",
  "/content/dig/digital/13425/": "מכירים את אלה",
  "/content/dig/digital/13565/": "החיד\"א 6",
  "/content/dig/digital/13383/": "מלך מתגייס",
  "/content/dig/digital/13165/": "חמושות",
  "/content/dig/digital/12443/": "כאן מסבירים",
  "/content/dig/digital/11940/": "כאן דעה",
  "/content/kids/hinuchit-main/11352/": "ילדי בית העץ",
  "/content/kids/hinuchit-main/11114/": "האחיין שלי בנץ",
  "/content/kids/hinuchit-main/378048/": "אוצר היצירה"
}