﻿<?xml version="1.0" encoding="UTF-8" standalone="yes"?>
	<addon id="plugin.video.idanplus" name="עידן+ פלוס" version="2.2.2" provider-name="nil">
		<requires>
			<import addon="xbmc.python" version="2.1.0"/>
		</requires>
		<extension point="xbmc.python.pluginsource" library="default.py">
			<provides>video</provides>
		</extension>
		<extension point="xbmc.service" library="resources/lib/service.py" start="[login|startup]"/>
		<extension point="xbmc.addon.metadata">
			<platform>all</platform>
			<summary lang="en">Watch Idan plus channels and VOD from official websites.</summary>
			<summary lang="he">צפיה בערוצי עידן פלוס ובתכניות מהאתרים הרשמיים.</summary>
			<description lang="en">Watch Idan plus channels and VOD from official websites.[CR]Custumize options in addon-settings and context menu (right click on an item).</description>
			<description lang="he">צפיה בערוצי עידן פלוס ובתכניות מהאתרים הרשמיים.[CR]אפשרויות שונות בהגדרות ההרחבה ובקליק ימני על פריט ברשימה.</description>
			<news>- Fix ILand channel link.[CR]- Added backup link for Kan 11 live channel (1080p).[CR]- Added backup link for Reshet 13 live channel (720p).</news>
			<supportedcontent>
				<content>tvshows</content>
			</supportedcontent>
		</extension>
	</addon>
