<?xml version="1.0" encoding="UTF-8" standalone="yes"?>
	<addon id="script.module.myresolver" name="My Resolver" version="1.0.1" provider-name="nil">
		<requires>
			<import addon="script.module.requests"/>
		</requires>
		<extension point="xbmc.python.module" library="lib" />
		<extension point="xbmc.python.pluginsource" library="lib/default.py" />
		<extension point="xbmc.addon.metadata">
			<assets>
				<icon>icon.png</icon>
			</assets>
			<platform>all</platform>
			<summary lang="en"></summary>
			<description lang="en"></description>
		</extension>
	</addon>
