<?xml version="1.0" encoding="UTF-8" standalone="yes"?>
<addon id="plugin.video.MakoTV"
       name="MakoTV (web)"
       version="1.2.2"
       provider-name="nil">
	<requires>
		<import addon="xbmc.python" version="2.1.0"/>
	</requires>
	<extension point="xbmc.python.pluginsource" library="default.py">
		<provides>video</provides>
	</extension>
	<extension point="xbmc.addon.metadata">
		<summary lang="en">Watch MakoTV Videos</summary>
		<description lang="en">Watch Mako Video content from MakoTV website.</description>
		<summary lang="he">צפיה בתכנים מאתר MakoTV</summary>
		<description lang="he">צפיה בתכנים מאתר MakoTV.</description>
		<platform>all</platform>
	</extension>
</addon>
